employee_id,name,date_of_employement,termination_date,department_id,gender_id,race_id,marriage_id,date_of_birth,pay_rate,level
1,Nash Kay K,1/1/2015,5/29/2017,8,1,1,1,2/12/1987,,1
2,Simpson Raymond X,1/1/2015,,7,0,4,2,11/15/1982,,1
3,Devlin Kay M,6/10/2015,6/24/2019,10,1,5,3,2/22/1986,,1
4,Massie Elisabeth V,1/1/2015,,4,1,2,4,5/25/1977,,1
5,Mead Catherine N,22/05/2015,7/15/2020,8,1,1,1,4/4/1995,,2
6,Wright Linda K,11/7/2015,6/18/2022,10,1,2,3,2/13/1989,,2
7,Gibbs David A,4/12/2015,10/8/2018,3,0,4,7,5/6/1983,,1
8,Shute Sarah F,1/1/2015,,9,1,2,8,4/11/1986,,1
9,Woolley Paulin P,1/1/2015,2/22/2015,4,0,4,4,1/6/1995,,2
10,Woodbridge Irene A,9/5/2015,6/15/2022,1,1,5,10,6/21/1985,,1
11,Richardson Bhavna C,11/5/2015,9/29/2021,9,1,2,8,7/31/1978,,2
12,Lamb Daniel U,24/12/2015,,6,0,5,12,2/3/1975,,1
13,Seabrook Sonia S,1/1/2015,,1,1,2,10,12/17/1990,,2
14,Powell David V,26/07/2015,,6,0,5,12,5/2/1978,,2
15,Nielson Paulin V,13/03/2016,,4,0,2,4,11/19/1974,,2
16,Goddard Joanna R,1/1/2015,,7,1,5,2,8/27/1972,,2
17,Webb Steven C,8/10/2015,,3,0,2,7,10/26/1987,,2
18,Channing Francis C,21/03/2015,,7,0,5,2,1/31/1968,,2
19,Richards Iris K,1/1/2015,,9,1,5,8,10/3/1968,,2
20,Ewart Amanda B,1/1/2015,,7,1,4,2,2/12/1981,,2
21,Gorton Adele W,29/09/2015,,4,1,3,4,9/7/1985,,2
22,Andrews Sally X,3/5/2016,9/27/2022,10,1,3,3,6/19/1983,,2
23,Bennett Andrew Y,1/1/2015,,1,0,5,10,11/21/1962,,2
24,Cousins Phyllis C,5/2/2015,,1,1,4,10,3/13/1974,,2
25,Richards Graham F,19/12/2015,,7,0,1,2,10/30/1985,,2
26,Kenney Frances L,1/1/2015,,8,1,1,1,1/25/1967,,2
27,John Adam Q,4/9/2015,,2,0,4,27,1/3/1955,,1
28,Wynn Adam Y,27/09/2015,10/30/2021,1,0,4,10,5/5/1979,,2
29,Gadd Morag H,21/04/2015,,8,1,5,1,10/17/1988,,2
30,Fleet Sarah V,2/2/2015,,5,1,3,30,3/28/1978,,1
31,Rawson Nishma P,1/1/2015,7/28/2018,8,1,5,1,11/17/1953,,2
32,Primrose Adam S,27/03/2015,,3,0,5,7,9/28/1969,,2
33,Parke Robert F,17/10/2015,,9,0,2,8,7/2/1962,,2
34,Gorton Daniel H,1/1/2015,,5,0,5,30,11/20/1954,,2
35,Wilson John Z,1/1/2015,,1,0,5,10,2/12/1964,,2
36,Coombs Antony P,4/6/2015,,10,0,1,3,2/4/1974,,2
37,Stevenson Frank D,9/5/2017,,6,0,1,12,2/3/1975,,2
38,McCarthy Philip X,1/1/2016,,2,0,1,27,7/27/1974,,2
39,Wilson Bruno A,1/1/2015,,7,0,3,2,10/14/1972,,2
40,Dingley Jayne T,11/5/2015,8/27/2015,6,1,5,12,7/5/1964,,2
41,Standen Selina H,21/03/2016,11/20/2021,1,1,2,35,11/15/1988,,3
42,Stevenson Dimitrios X,1/1/2015,8/29/2020,1,0,2,35,9/3/1988,,3
43,Parrett Matthew U,21/07/2015,7/30/2019,8,0,5,1,10/31/1986,,2
44,Scholes Liam J,1/1/2015,7/1/2023,6,0,3,12,6/11/1972,,2
45,Massie Sally T,1/1/2015,,10,1,5,3,3/1/1977,,2
46,Gibbs Ann J,1/1/2015,,5,1,3,30,4/4/1974,,2
47,Woodbridge Rajesh M,1/1/2015,,10,0,5,3,2/24/1976,,2
48,Simpson Herbert N,21/06/2016,,3,0,4,7,12/18/1969,,2
49,Rasul Irene S,1/1/2015,8/28/2018,6,1,2,12,2/17/1975,,2
50,MacMillan Olu N,10/7/2016,,9,0,4,8,9/17/1965,,2
51,Rutherford Kenneth G,3/5/2015,9/23/2021,6,0,1,49,7/12/1974,,3
52,Gorton Jonathan K,21/02/2015,7/14/2018,2,0,5,27,10/6/1981,,2
53,Jarvis Ripduman I,1/1/2015,7/21/2017,3,1,5,7,11/19/1979,,2
54,Mongan Adam M,1/1/2015,,6,0,5,49,12/5/1991,,3
55,Polizzi Edward G,1/1/2015,,1,0,4,35,5/8/1979,,3
56,Woolley Christopher F,24/07/2015,,6,0,3,49,2/22/1988,,3
57,Jones Joseph S,8/2/2015,,6,0,2,49,4/27/1965,,3
58,Hyslop Antony K,1/1/2015,,1,0,3,35,3/12/1991,,3
59,Mills Gabriele Q,15/01/2015,,8,1,2,43,10/31/1965,,3
60,Shelley Angela B,1/1/2015,,10,1,3,47,5/28/1981,,3
61,Pryde Jonathan C,6/9/2015,4/29/2018,8,0,1,43,11/1/1993,,3
62,Robinson Nuala L,1/1/2015,,8,1,5,43,7/31/1964,,3
63,Housley Davide O,1/1/2015,8/25/2016,1,0,4,35,2/14/1956,,3
64,Rutherford Ian C,1/1/2015,,8,0,5,43,12/5/1969,,3
65,Dingley Amanda P,27/03/2015,,3,1,5,7,9/17/1963,,2
66,Rasul Christopher U,8/8/2016,,10,0,3,47,11/9/1978,,3
67,Gibbs Peter E,14/04/2015,,5,0,1,30,8/31/1968,,2
68,Ranson Samantha N,31/05/2016,,4,1,4,4,9/2/1979,,2
69,Richards Nishma K,3/8/2015,,6,1,5,49,1/10/1980,,3
70,Coombs Jane O,21/02/2016,5/17/2022,2,1,2,27,11/27/1970,,2
71,Ewart Douglas Q,9/9/2015,6/7/2019,3,0,2,65,6/24/1987,,3
72,Massie Venetia L,13/09/2015,9/20/2021,1,1,5,35,12/30/1981,,3
73,Haigh Morag P,26/10/2015,9/18/2018,1,1,1,72,5/1/1979,,4
74,Shelley Edward Y,14/10/2015,,8,0,3,43,12/3/1970,,3
75,Colley Graham D,1/1/2015,,10,0,4,47,10/15/1990,,3
76,Dawber Frank B,1/1/2015,9/17/2018,4,0,3,4,3/2/1979,,2
77,Roberts Francis K,1/1/2015,,1,0,4,72,11/8/1958,,4
78,Shearer Sylvia B,1/1/2015,,2,1,3,27,2/10/1979,,2
79,Sheldrick Andrew U,12/1/2015,,10,0,5,47,4/30/1974,,3
80,Lewis Antony M,20/01/2015,,7,0,5,39,6/14/1973,,3
81,Barrett Raymond Y,1/1/2015,10/4/2022,1,0,2,72,7/16/1991,,4
82,Wilson Nicola C,1/1/2015,4/29/2016,8,1,2,43,9/12/1971,,3
83,Housley Arthur T,1/1/2015,,6,0,2,49,12/9/1974,,3
84,John Robert X,14/09/2015,,4,0,3,76,5/1/1962,,3
85,Wynn Adrian J,1/1/2015,,5,0,2,30,6/29/1971,,2
86,Dawber Katie F,5/12/2016,,10,1,5,47,5/9/1976,,3
87,MacMillan Bevis F,9/4/2015,,3,0,3,65,11/29/1958,,3
88,Shelley Sally M,5/10/2015,,10,1,1,47,10/21/1979,,3
89,Morris Sharmin W,13/05/2015,,7,1,3,39,8/17/1970,,3
90,Hardy Antony N,1/1/2015,,2,0,2,27,8/8/1951,,2
91,Geraghty Jonathan H,11/6/2015,,6,0,1,83,9/17/1965,,4
92,Pryde Antony I,1/1/2015,,7,0,5,39,4/16/1965,,3
93,Pryde Mark P,1/1/2015,,1,0,3,72,4/10/1985,,4
94,Hyslop Robert F,1/1/2015,,8,0,4,82,1/11/1945,,4
95,Lamb Nazma E,1/1/2015,10/29/2016,7,1,3,39,4/5/1986,,3
96,Swart Karen R,4/10/2015,,1,1,3,72,7/27/1979,,4
97,Gibbs Frank R,23/10/2015,7/5/2022,10,0,2,88,10/28/1995,,4
98,Dingley Gill L,3/5/2015,,3,1,5,65,12/5/1974,,3
99,Brant Dimitrios Z,1/1/2015,,1,0,2,72,7/3/1966,,4
100,Henry Katie P,1/1/2015,,5,1,4,30,1/9/1964,,2
101,Coppin Morag H,3/1/2016,,10,1,1,88,2/1/1983,,4
102,Primrose Elisabeth J,29/10/2015,,10,1,1,88,6/21/1975,,4
103,Webb Adrian X,12/11/2015,7/29/2018,2,0,1,90,8/27/1966,,3
104,Swart Martin H,25/09/2015,,3,0,4,65,11/13/1979,,3
105,Gibbs Tracey O,1/1/2015,,4,1,5,76,10/7/1966,,3
106,Scholes Roy D,1/1/2015,4/5/2021,3,0,1,65,5/22/1957,,3
107,Barrett Julie C,1/1/2015,,4,1,3,76,2/7/1985,,3
108,Marsden Jane X,25/01/2015,,10,1,2,88,5/24/1968,,4
109,Marsden Amanda R,1/1/2015,,6,1,3,83,2/25/1971,,4
110,Johnson Noella X,1/1/2015,,7,1,2,39,9/24/1965,,3
111,Field Davide S,1/1/2015,,2,0,4,90,6/26/1967,,3
112,Colley Antony P,1/1/2015,,9,0,4,8,9/25/1990,,2
113,Shelley Colette V,16/10/2015,,10,1,2,88,4/14/1968,,4
114,Kenney Douglas V,1/1/2015,,5,0,2,100,8/15/1989,,3
115,Johnson Stuart X,9/5/2015,,9,0,3,112,8/23/1971,,3
116,Marsden Bevis O,18/01/2016,,5,0,5,100,3/22/1983,,3
117,Cousins William C,15/02/2015,6/4/2017,10,0,5,88,3/5/1986,,4
118,Richards Kevin B,1/1/2015,,1,0,4,99,7/4/1970,,5
119,MacMillan Sandra U,1/1/2015,,9,1,2,112,8/27/1968,,3
120,Ranson Rebecca W,14/08/2015,4/12/2020,1,1,1,99,3/24/1982,,5
121,Gore Selina R,1/1/2015,9/24/2021,1,1,5,99,9/30/1969,,5
122,Gorton Martin U,1/1/2015,,1,0,4,99,6/30/1972,,5
123,King Sally P,1/1/2015,,6,1,5,83,1/6/1995,,4
124,Mongan Giulio T,1/1/2015,6/14/2020,2,0,4,90,1/18/1989,,3
125,Fleet Anastasia S,1/1/2015,,6,1,4,83,6/24/1976,,4
126,Wilson Irene C,6/5/2015,4/22/2017,7,1,2,39,5/1/1966,,3
127,Colley Selina K,10/3/2016,,5,1,3,100,3/1/1977,,3
128,Barrett Noella I,1/1/2015,,1,1,4,99,4/23/1970,,5
129,Shearer Herbert J,1/1/2015,,10,0,5,117,7/10/1979,,5
130,Parkes Joanna F,1/1/2015,,3,1,4,65,6/1/1980,,3
131,Jarvis Eunice L,1/1/2015,,9,1,4,112,8/18/1993,,3
132,Wilson Graham U,1/1/2015,11/28/2019,4,0,2,76,2/26/1994,,3
133,Andrews Bhavna U,1/1/2015,5/21/2016,6,1,1,83,8/16/1979,,4
134,Green Adam H,12/4/2015,,5,0,3,100,4/17/1995,,3
135,Field Gabriele V,1/1/2015,,4,1,1,76,11/16/1969,,3
136,Gore Sarah G,8/6/2015,,3,1,5,130,1/2/1989,,4
137,Primrose Syed E,2/10/2015,,9,0,4,112,4/24/1978,,3
138,Robinson Elsie L,1/1/2015,6/15/2017,5,1,2,100,10/31/1961,,3
139,Leyland Elizabeth S,1/1/2015,,1,1,2,99,11/5/1976,,5
140,Swart Christopher X,5/2/2015,6/2/2020,3,0,3,130,8/5/1965,,4
141,Rutherford Gabriele Q,1/1/2015,6/4/2020,2,1,2,90,5/12/1974,,3
142,Polizzi Paul W,13/01/2015,9/7/2018,9,0,4,112,11/15/1954,,3
143,Collingwood Irene H,13/07/2015,,6,1,4,83,3/28/1984,,4
144,Rasul Jean W,1/1/2015,,8,1,2,82,8/21/1982,,4
145,Devlin Graham I,5/3/2015,,1,0,3,139,10/5/1970,,6
146,Swart Andrew R,1/1/2015,6/27/2023,9,0,5,112,12/20/1983,,3
147,Wright Laura R,1/1/2015,1/15/2017,4,1,5,76,7/20/1957,,3
148,Parkes George I,25/12/2015,,2,0,4,90,3/8/1983,,3
149,Robinson Colin L,1/1/2015,,8,0,4,82,6/28/1966,,4
150,Hulme Brigitte B,3/4/2015,,1,1,5,139,5/11/1975,,6
151,Barrett Kenneth A,1/1/2015,6/15/2021,7,0,2,126,10/28/1969,,4
152,Murray Thomas K,12/3/2015,2/10/2024,9,0,3,146,5/10/1965,,4
153,Lovett John C,1/1/2015,8/4/2019,7,0,2,126,9/11/1962,,4
154,Goddard Arthur E,21/12/2016,,7,0,4,126,3/11/1965,,4
155,Dawber Phyllis N,1/1/2015,8/19/2022,9,1,4,146,2/20/1978,,4
156,Leyland Simone I,1/1/2015,,4,1,2,147,2/21/1947,,4
157,Geraghty Davide M,1/1/2015,4/26/2023,4,0,1,147,1/1/1962,,4
158,Mistry Colin D,1/1/2015,12/22/2017,3,0,2,130,1/21/1980,,4
159,Gibbs Paul I,13/02/2016,2/7/2021,6,0,3,143,12/12/1957,,5
160,Devlin Selina E,20/01/2015,,9,1,2,146,5/1/1970,,4
161,Turner Bhavna S,1/1/2015,12/3/2022,2,1,4,90,4/10/1966,,3
162,Crompton Kay E,16/06/2015,,2,1,1,161,12/4/1968,,4
163,Fleet Sally O,1/1/2015,,1,1,1,139,10/3/1976,,6
164,Murray Simone D,1/1/2015,10/12/2018,10,1,2,117,2/7/1964,,5
165,Jones Venetia Z,1/1/2015,4/9/2017,5,1,2,100,1/29/1973,,3
166,Turner Noella J,1/1/2015,,8,1,3,82,12/18/1984,,4
167,Wright Andrew J,1/1/2015,1/24/2019,8,0,1,82,6/29/1968,,4
168,Powell Elsie J,1/1/2015,,10,1,5,117,11/10/1974,,5
169,Parrett Samantha K,15/01/2016,,7,1,4,126,5/15/1985,,4
170,Roberts Daniel X,22/06/2015,,6,0,1,143,11/24/1974,,5
171,Kralj Janet Z,30/03/2016,,1,1,2,139,12/24/1964,,6
172,Green Francis A,1/1/2015,,4,0,2,147,12/8/1972,,4
173,Mistry Amanda F,27/10/2015,8/22/2018,2,1,2,161,12/24/1973,,4
174,Norman Elisabeth Z,1/1/2015,8/23/2023,9,1,3,146,6/14/1966,,4
175,MacMillan Gary M,1/1/2015,8/4/2020,4,0,4,147,3/31/1967,,4
176,Jackson Ann G,11/5/2015,,5,1,2,165,11/27/1990,,4
177,Andrews Rosalie M,27/08/2015,6/3/2021,4,1,4,147,3/27/1969,,4
178,John Brigitte R,1/1/2015,7/6/2017,1,1,1,139,2/14/1956,,6
179,Choi Antony C,1/1/2015,,1,0,2,139,5/22/1976,,6
180,Seabrook Bevis G,23/07/2015,5/19/2022,8,0,1,82,5/6/1962,,4
181,Watt Jean K,1/1/2015,,8,1,2,180,5/4/1971,,5
182,Woolley Colin F,2/9/2015,,7,0,3,126,12/31/1951,,4
183,Channing Gillian X,1/1/2015,6/30/2015,7,1,3,126,6/12/1965,,4
184,MacMillan Kathleen C,1/1/2015,6/11/2018,6,1,4,143,3/26/1988,,5
185,Fleet Elisabeth E,1/1/2015,4/10/2023,7,1,5,183,8/30/1981,,5
186,Gore Lynnette S,14/04/2015,,1,1,2,179,8/5/1965,,7
187,Jackson Clare C,1/1/2015,,5,1,4,165,10/31/1961,,4
188,Jarvis Andrew A,1/1/2015,,4,0,3,147,11/5/1972,,4
189,Robinson Jean W,1/1/2015,,5,1,4,165,2/4/1974,,4
190,Ewart Saleha I,1/1/2015,7/5/2016,7,1,1,183,10/15/1975,,5
191,Turner Robert V,1/1/2015,,10,0,3,117,6/1/1971,,5
192,Henry Davide D,12/8/2015,6/6/2021,5,0,4,165,5/3/1979,,4
193,Marsden Hannah R,9/8/2015,,7,1,3,183,7/10/1976,,5
194,Parkes Steven F,1/1/2015,,8,0,1,180,12/28/1963,,5
195,Mongan Samantha H,6/11/2016,11/3/2021,5,1,3,165,11/11/1996,,4
196,Goddard Josie Q,26/01/2016,,4,1,1,188,6/2/1979,,5
197,Housley Harry U,16/02/2015,,6,0,4,143,2/21/1995,,5
198,McCarthy Liam O,28/04/2016,,9,0,1,146,1/7/1953,,4
199,Gore Elisabeth O,1/1/2015,6/15/2019,5,1,2,165,4/27/1957,,4
200,Colley Lesley Q,1/1/2015,,6,1,2,143,7/22/1972,,5
201,Dawber Michael I,1/1/2015,6/6/2015,7,0,4,183,8/2/1986,,5
202,Robinson Leslie N,19/09/2015,7/27/2019,3,0,3,130,11/8/1966,,4
203,Watt Amanda W,19/05/2016,6/17/2022,3,1,2,130,10/8/1976,,4
204,Ranson Rajesh H,1/1/2015,,3,0,4,130,1/6/1995,,4
205,Simpson Eileen L,25/06/2015,7/21/2023,4,1,2,188,5/1/1967,,5
206,Goddard Simone F,1/1/2015,,6,1,5,143,3/10/1980,,5
207,King Philip J,1/1/2015,4/17/2016,4,0,5,188,12/10/1973,,5
208,Bennett Lynnette U,26/10/2015,,10,1,5,117,2/7/1974,,5
209,Jarvis Ripduman H,1/1/2015,,10,1,5,117,3/24/1954,,5
210,Turner Dimitrios V,1/1/2015,4/16/2018,1,0,5,179,11/4/1976,,7
211,Primrose Adele D,12/3/2015,4/19/2016,2,1,5,161,10/28/1987,,4
212,Woolley Darren H,1/1/2015,,1,0,2,179,10/5/1981,,7
213,Nash Joanne B,4/1/2016,,10,1,1,209,1/6/1972,,6
214,Nash Paul M,20/10/2015,10/11/2016,2,0,5,161,11/17/1985,,4
215,Nielson Nuala K,20/07/2016,8/16/2019,10,1,4,209,7/31/1987,,6
216,King Kevin X,20/07/2016,,10,0,3,209,7/25/1996,,6
217,Lewis Kay W,14/08/2016,10/16/2020,8,1,3,180,9/7/1968,,5
218,Gorton Dimitrios J,1/1/2015,,3,0,3,204,1/15/1976,,5
219,Coppin Alison I,1/1/2015,,4,1,4,188,4/20/1972,,5
220,Haigh Richard W,27/12/2015,,1,0,1,179,10/10/1965,,7
221,Sheldrick Joseph X,1/1/2015,,8,0,2,180,1/30/1979,,5
222,Shelley Jill Q,4/9/2015,,8,1,2,180,10/31/1980,,5
223,Colley Brenda A,1/1/2015,,6,1,4,206,4/27/1975,,6
224,MacMillan Amanda G,14/12/2015,,9,1,3,146,9/21/1970,,4
225,Norman Anna H,1/1/2015,,4,1,2,188,7/10/1980,,5
226,Devlin Stuart L,1/1/2015,6/22/2017,1,0,4,179,12/13/1970,,7
227,Kralj Ian R,1/1/2015,,2,0,1,161,5/19/1968,,4
228,Webb Andrew G,4/3/2015,7/6/2018,6,0,3,206,12/22/1973,,6
229,Roberts Angela F,1/1/2015,,10,1,5,209,6/12/1972,,6
230,Ewart Ann Y,1/1/2015,,7,1,2,183,3/22/1975,,5
231,Colley Selina K,29/05/2016,,4,1,3,188,3/25/1980,,5
232,Marsden David A,24/07/2015,6/13/2021,8,0,2,180,2/27/1979,,5
233,Dawber Rajesh V,1/1/2015,2/23/2016,10,0,5,209,12/22/1981,,6
234,Scholes Sonia G,17/08/2015,3/19/2019,9,1,3,224,2/18/1968,,5
235,Watt Christopher K,1/1/2015,,8,0,2,232,1/30/1981,,6
236,Crompton Sally S,19/05/2016,10/15/2023,9,1,4,224,12/16/1988,,5
237,Powell Daniel H,28/10/2016,,8,0,3,232,10/28/1985,,6
238,Turner Julie P,24/10/2016,,1,1,5,179,7/10/1977,,7
239,Standen Herbert V,19/05/2016,,7,0,1,183,12/30/1976,,5
240,Rasul Dimitrios M,26/12/2015,,2,0,5,161,4/10/1969,,4
241,Goddard Gary S,1/1/2015,,9,0,2,224,9/18/1977,,5
242,King David C,25/08/2015,,8,0,2,232,3/30/1974,,6
243,Sheldrick Nazma V,1/1/2015,8/11/2022,5,1,3,199,1/11/1960,,5
244,Deering Clare M,1/1/2015,,1,1,5,238,4/21/1981,,8
245,Seabrook Davide I,4/8/2015,,6,0,1,206,8/28/1965,,6
246,Goddard Brenda X,31/07/2015,,4,1,5,231,9/6/1949,,6
247,Primrose Lisa O,1/1/2015,3/24/2023,6,1,5,206,3/12/1972,,6
248,Jackson Carmel X,1/1/2015,,1,1,5,238,1/3/1972,,8
249,Fleet Leigh F,1/1/2015,,3,0,1,204,3/17/1975,,5
250,Hardy Margaret E,19/02/2015,6/29/2017,2,1,2,240,3/18/1968,,5
251,Jarvis John E,1/1/2015,,5,0,5,199,7/12/1975,,5
252,Gibbs John V,1/1/2015,,6,0,2,206,4/25/1967,,6
253,Johnson William P,7/9/2015,4/24/2021,4,0,5,231,5/23/1980,,6
254,Lovett Arthur C,19/04/2016,4/18/2020,7,0,1,239,7/25/1967,,6
255,Rutherford Bruno V,1/1/2015,,5,0,1,199,11/3/1974,,5
256,Primrose Andree M,30/11/2015,,10,1,1,209,3/14/1970,,6
257,Goddard Gordon O,9/5/2015,9/15/2018,4,0,2,231,11/29/1980,,6
258,Pryde Simon U,1/1/2015,,2,0,5,240,8/9/1986,,5
259,Shelley Frank R,1/1/2015,,1,0,5,238,11/1/1970,,8
260,Norman Kathleen A,1/1/2015,,6,1,2,206,7/30/1977,,6
261,Rasul Eunice I,1/1/2015,,7,1,2,239,4/16/1978,,6
262,Shute Steven K,25/09/2015,,3,0,5,204,6/20/1971,,5
263,Kenney Yvonne W,11/6/2016,,6,1,4,260,10/24/1962,,7
264,Woodbridge Colin O,1/1/2015,4/21/2023,9,0,5,224,10/16/1966,,5
265,Parrett Bevis A,1/1/2015,,6,0,1,260,2/23/1974,,7
266,Shelley Leigh D,31/03/2015,6/9/2019,2,0,1,240,8/15/1977,,5
267,Lamb Lynnette P,1/1/2015,,5,1,3,199,5/20/1982,,5
268,Morris Ann G,1/1/2015,,3,1,1,204,8/14/1963,,5
269,Polizzi Tirzah U,10/5/2015,,6,1,4,260,9/17/1968,,7
270,Mongan Chi D,28/02/2015,,4,0,4,231,1/4/1980,,6
271,Sheldrick Josie Z,26/09/2015,,2,1,3,240,9/14/1973,,5
272,Kenney Margaret H,1/10/2015,,2,1,4,240,3/6/1973,,5
273,Parkes Colin V,12/4/2015,8/12/2017,10,0,5,256,1/24/1955,,7
274,Woolley Christopher N,1/1/2015,,3,0,2,204,9/2/1978,,5
275,Leyland Samantha E,1/1/2015,9/12/2020,10,1,1,256,11/27/1959,,7
276,Hyslop Darren V,19/06/2015,10/24/2021,10,0,1,256,11/22/1958,,7
277,Marsden Tirzah G,1/6/2017,,4,1,1,231,12/23/1985,,6
278,Watt Syed M,6/2/2015,,4,0,2,231,12/31/1974,,6
279,Gore Tirzah J,22/08/2016,,5,1,2,199,2/8/1983,,5
280,Hardy Daniel Z,7/2/2016,,1,0,4,238,11/27/1963,,8
281,Lovett Simon F,1/1/2015,,10,0,4,256,5/2/1978,,7
282,Jackson Bruno D,1/2/2016,,9,0,4,224,2/14/1970,,5
283,Dawber Bevis R,13/11/2015,,9,0,1,224,4/11/1975,,5
284,Ewart Andree Y,16/03/2017,,9,1,1,283,3/1/1980,,6
285,Lovett Julie X,23/04/2015,4/12/2020,3,1,4,204,2/13/1976,,5
286,Devlin Shane S,12/8/2016,,4,0,3,278,3/20/1954,,7
287,Polizzi Peter H,29/07/2015,5/27/2021,7,0,2,239,5/27/1970,,6
288,Swart Giulio W,11/7/2015,,8,0,1,232,12/7/1977,,6
289,Kenney Darren M,1/1/2015,,7,0,2,239,1/9/1976,,6
290,Gilroy Richard H,1/1/2015,10/28/2018,1,0,3,238,6/14/1981,,8
291,Rawson Kay I,1/1/2015,,3,1,3,285,4/13/1968,,6
292,Housley Giulio X,2/6/2015,9/15/2022,3,0,5,285,4/10/1961,,6
293,Ewart Venetia B,1/10/2015,5/14/2016,6,1,5,260,8/13/1980,,7
294,Massie Diana B,1/1/2015,,6,1,2,260,9/22/1974,,7
295,Goddard Peter Z,1/1/2015,,1,0,1,238,3/24/1971,,8
296,Kenney John F,26/01/2015,,7,0,1,239,3/12/1962,,6
297,Primrose Ann V,1/1/2015,,5,1,2,199,3/26/1945,,5
298,Stevenson Bevis E,1/1/2015,,3,0,1,285,6/11/1969,,6
299,Lloyd Lisa K,1/1/2015,5/18/2022,5,1,4,297,7/29/1978,,6
300,Brant Elsie Y,10/9/2016,2/22/2018,4,1,2,278,7/26/1981,,7
301,Shute Joanna Y,12/7/2015,9/28/2020,6,1,5,260,12/27/1975,,7
302,Goddard Simon U,1/1/2015,,5,0,5,297,7/21/1965,,6
303,Haigh Clare T,1/1/2015,9/19/2018,10,1,5,256,4/19/1964,,7
304,Crompton Anne G,2/4/2015,,9,1,1,283,9/4/1986,,6
305,Mistry Nicholas N,1/1/2015,4/4/2023,5,0,2,297,10/1/1968,,6
306,McCarthy Adele C,5/11/2015,,6,1,4,301,4/25/1966,,8
307,Norman Martin E,1/1/2015,,9,0,5,283,5/17/1987,,6
308,Mongan Anna H,1/1/2015,,6,1,5,301,12/24/1979,,8
309,Rawson Jonathan U,24/05/2015,9/26/2017,4,0,1,278,6/17/1969,,7
310,Nielson Edward E,1/1/2015,,1,0,3,295,2/28/1970,,9
311,Jarvis William U,1/1/2015,9/2/2019,6,0,4,301,2/4/1989,,8
312,Gorton Julie G,1/1/2015,,8,1,1,232,6/2/1965,,6
313,Gore Gwendolyn V,1/1/2015,6/16/2023,10,1,4,256,1/19/1977,,7
314,King Nicholas G,1/1/2015,4/3/2019,4,0,3,278,6/11/1978,,7
315,Kralj Herbert V,8/7/2015,,5,0,2,297,1/29/1969,,6
316,Deering Nicola F,1/1/2015,7/9/2021,9,1,4,283,11/17/1970,,6
317,Collingwood Bevis W,2/3/2016,7/7/2021,4,0,3,278,2/24/1968,,7
318,Simpson Carmel L,6/3/2016,,8,1,3,232,5/18/1966,,6
319,Rawson Janet J,27/05/2015,,1,1,4,295,11/5/1990,,9
320,Coppin Sonia K,1/1/2015,,5,1,4,297,10/8/1967,,6
321,Colley Tracey A,1/1/2015,6/19/2016,3,1,2,285,7/9/1966,,6
322,Shearer Martin X,1/1/2015,7/12/2019,8,0,5,318,11/10/1989,,7
323,Dawber Leslie Q,10/3/2015,,8,0,2,318,3/15/1995,,7
324,Channing Jane Z,1/1/2015,,8,1,5,318,12/15/1986,,7
325,Devlin Anne L,1/5/2015,,8,1,3,318,3/4/1977,,7
326,Gadd Morag V,1/1/2015,,8,1,1,318,11/12/1993,,7
327,Nielson Julie T,1/1/2015,,9,1,3,283,9/2/1973,,6
328,Swart Joanna A,29/09/2015,5/18/2016,3,1,5,285,2/4/1971,,6
329,Gibbs Paul H,1/1/2015,,6,0,4,301,8/10/1971,,8
330,Woodbridge Catherine I,3/6/2017,,1,1,5,295,7/14/1972,,9
331,Barrett Angela W,11/5/2016,6/20/2023,8,1,1,318,2/29/1972,,7
332,McCarthy Leslie U,1/1/2015,,4,0,1,278,11/20/1976,,7
333,Fleet Joanna S,1/1/2015,,9,1,2,283,10/31/1977,,6
334,Woodbridge Colin P,1/1/2015,7/20/2021,3,0,3,285,1/6/1995,,6
335,Gorton Frances E,18/05/2015,,1,1,2,295,6/7/1980,,9
336,Smith Joanna J,1/1/2015,,5,1,5,297,8/10/1979,,6
337,Wynn Eunice X,1/1/2015,,1,1,5,295,10/24/1970,,9
338,Coombs Darren U,1/1/2015,4/26/2021,7,0,5,239,5/30/1955,,6
339,Haigh Joanne U,20/10/2016,,10,1,4,313,12/28/1977,,8
340,Seabrook George X,1/1/2015,,9,0,1,333,2/19/1979,,7
341,Lloyd Diana Z,15/07/2015,,8,1,1,331,6/20/1977,,8
342,Henry Syed A,20/01/2016,,6,0,1,301,1/23/1975,,8
343,Wynn Gary W,21/01/2015,12/2/2022,10,0,1,313,9/22/1989,,8
344,Goddard Catherine Q,1/1/2015,,2,1,2,240,5/18/1976,,5
345,Morris Paulin C,3/1/2015,1/14/2021,2,0,3,344,6/4/1971,,6
346,MacMillan Saleha M,1/1/2015,,6,1,1,301,5/21/1970,,8
347,Gibbs Gary P,31/12/2016,6/5/2022,4,0,4,332,4/24/1988,,8
348,Dawber Grace Q,7/7/2015,9/15/2018,7,1,4,338,10/6/1972,,7
349,Fleet Judy M,26/01/2015,,8,1,2,331,11/6/1980,,8
350,Mistry Roger I,17/07/2015,1/7/2019,10,0,1,313,3/7/1979,,8
351,Woolley Patricia C,4/3/2017,6/27/2019,8,1,2,331,10/6/1974,,8
352,Hyslop Antony C,1/1/2015,,9,0,5,333,9/1/1966,,7
353,Gore Joanna E,1/1/2015,8/16/2020,1,1,3,295,10/14/1979,,9
354,Johnson Eunice R,1/1/2015,,2,1,4,344,10/14/1973,,6
355,Colley Miroslawa P,1/1/2015,,5,1,2,336,7/7/1976,,7
356,Seabrook Patricia D,1/1/2015,3/29/2021,10,1,3,313,12/3/1953,,8
357,Pooley Syed L,25/02/2016,6/25/2023,3,0,1,334,7/16/1970,,7
358,Watt Darren T,1/1/2015,4/4/2017,7,0,3,338,10/8/1982,,7
359,Lovett Anastasia D,1/1/2015,,9,1,1,333,8/31/1971,,7
360,John Richard Z,25/04/2016,,6,0,2,346,7/31/1987,,9
361,Haigh Iris J,11/1/2015,4/21/2019,9,1,1,333,7/14/1976,,7
362,Brant Nicholas Q,24/01/2015,,7,0,1,338,4/17/1979,,7
363,Colley Tracey Z,21/03/2016,,4,1,3,332,2/19/1987,,8
364,Barrett Paul T,21/02/2015,7/20/2023,1,0,2,353,3/18/1983,,10
365,Colley Francis D,24/11/2017,,4,0,4,332,9/21/1978,,8
366,Pooley Kathryn O,13/07/2015,,9,1,5,333,3/22/1964,,7
367,Scholes Daniel F,11/6/2015,,4,0,5,332,11/11/1960,,8
368,Nash Chi P,3/6/2016,5/1/2022,7,0,3,338,2/27/1985,,7
369,Watt Karen X,5/5/2017,,1,1,4,353,3/12/1970,,10
370,Pryde Miroslawa Q,1/1/2015,10/15/2015,5,1,3,336,11/29/1966,,7
371,MacMillan Anastasia B,1/1/2015,,3,1,4,334,2/8/1956,,7
372,Brant Bevis R,3/6/2015,,1,0,1,353,8/17/1992,,10
373,Rawson Judy U,1/1/2015,6/8/2015,4,1,3,332,5/20/1980,,8
374,Bennett Bhavna A,1/1/2015,,9,1,2,333,1/29/1990,,7
375,Coppin Lynette P,1/1/2015,,6,1,4,346,3/30/1982,,9
376,Goddard Adrian D,1/1/2015,,5,0,5,336,10/29/1968,,7
377,Johnson Daniel A,1/1/2015,,7,0,3,338,3/27/1993,,7
378,Murray Colin W,1/1/2015,10/25/2022,6,0,1,346,10/25/1970,,9
379,Mistry Antony A,20/05/2015,,6,0,1,346,6/20/1970,,9
380,Dawber Edward E,19/03/2016,,3,0,1,334,8/22/1983,,7
381,Shute Morag S,3/3/2015,,5,1,2,336,1/15/1959,,7
382,Gorton Adele I,1/1/2015,,10,1,2,313,9/17/1973,,8
383,Rawson Kathryn M,16/07/2015,,8,1,5,331,9/21/1980,,8
384,Nielson Lesley X,26/06/2015,,10,1,4,313,6/10/1975,,8
385,Woolley Jeanne A,1/1/2015,,1,1,4,353,1/6/1995,,10
386,Polizzi Arthur P,16/03/2016,,4,0,1,332,12/8/1970,,8
387,McCarthy Leslie E,1/1/2015,5/31/2020,5,0,1,336,2/1/1992,,7
388,Mills Anna M,1/1/2015,,1,1,4,353,7/4/1974,,10
389,Powell Nicola C,12/1/2015,,10,1,5,384,7/17/1984,,9
390,Parkes Kathleen U,1/1/2015,,3,1,4,334,1/8/1989,,7
391,Standen Sharmin E,17/01/2016,12/18/2022,2,1,4,344,4/4/1964,,6
392,Swart Shane C,26/06/2016,,7,0,1,338,3/4/1983,,7
393,Standen Noella C,1/1/2015,,6,1,3,346,1/14/1977,,9
394,Dawber Nuala C,25/08/2016,9/27/2023,1,1,5,353,8/15/1972,,10
395,Pooley Herbert S,1/1/2015,,2,0,5,344,3/5/1967,,6
396,McCarthy Rajesh W,3/7/2015,,5,0,1,336,3/24/1971,,7
397,Lloyd Chi F,1/1/2015,,2,0,2,344,3/28/1969,,6
398,Johnson Gary Q,4/2/2016,,2,0,5,344,8/16/1978,,6
399,Seabrook David X,1/1/2015,,10,0,3,384,3/8/1969,,9
400,Jackson Christopher Z,1/1/2015,,8,0,3,331,11/6/1968,,8
401,John George N,10/4/2016,10/1/2017,3,0,3,334,4/28/1994,,7
402,Haigh Jayne P,7/3/2015,,10,1,4,384,1/10/1981,,9
403,Fleet Gary Y,1/1/2015,,10,0,4,384,11/28/1970,,9
404,Hardy Kay O,29/09/2015,,10,1,4,384,11/12/1977,,9
405,MacMillan Harry H,31/12/2016,,2,0,4,398,2/27/1981,,7
406,Robinson Joanna D,12/8/2015,,9,1,2,374,12/18/1981,,8
407,Robinson Antony Y,29/05/2015,,5,0,2,396,8/27/1973,,8
408,Gorton Emma V,1/1/2015,,5,1,1,396,1/20/1970,,8
409,Richards Diane P,1/1/2015,5/11/2020,5,1,3,396,7/7/1972,,8
410,Ranson Kevin J,27/09/2017,,3,0,4,334,6/13/1982,,7
411,Johnson Lynette C,22/07/2015,,1,1,4,394,7/23/1977,,11
412,Devlin Jayne W,15/11/2016,,7,1,2,392,5/10/1976,,8
413,Wynn Gill P,10/9/2017,,4,1,3,386,11/18/1969,,9
414,Barrett Irene M,1/1/2015,12/27/2016,7,1,5,392,2/7/1977,,8
415,Andrews Rosalie N,25/11/2015,,10,1,3,384,1/7/1985,,9
416,Standen Kenneth V,1/1/2015,7/19/2023,10,0,5,415,5/6/1963,,10
417,Dingley Dimitrios M,1/1/2015,,5,0,5,396,3/6/1964,,8
418,Nielson Ripduman Q,1/1/2015,,3,1,2,410,5/15/1974,,8
419,MacMillan Lesley J,2/5/2015,,8,1,2,331,4/2/1966,,8
420,Henry Grace Y,2/2/2015,4/6/2016,8,1,3,419,12/18/1968,,9
421,Fleet Diana J,6/2/2015,8/14/2022,10,1,4,415,9/8/1966,,10
422,Johnson Simone Z,1/1/2015,6/9/2018,7,1,2,392,2/18/1972,,8
423,Rutherford Elsie W,18/11/2015,,7,1,2,392,1/23/1981,,8
424,Kenney Lynnette I,9/1/2016,,6,1,4,346,10/28/1992,,9
425,Woolley Karen M,22/01/2015,6/29/2022,5,1,1,396,4/16/1973,,8
426,Gore Yvonne R,1/1/2015,3/14/2020,3,1,3,410,3/8/1971,,8
427,Roberts Anna C,1/1/2015,,3,1,3,410,6/11/1972,,8
428,Brant Kathryn D,1/8/2015,,7,1,4,392,5/22/1967,,8
429,John Dimitrios X,26/01/2016,,3,0,5,410,11/1/1986,,8
430,Dawber Ian W,15/05/2016,4/1/2023,3,0,2,410,10/21/1973,,8
431,Hulme Gwendolyn G,28/03/2016,,9,1,1,374,6/13/1971,,8
432,Dawber Kenneth M,15/11/2015,,6,0,1,424,1/12/1960,,10
433,Hyslop Leonard V,1/1/2015,,8,0,2,419,7/16/1975,,9
434,Watt Carol T,11/4/2015,,4,1,4,386,10/19/1976,,9
435,King Gwendolyn M,1/1/2015,,9,1,4,374,7/3/1974,,8
436,Murray Jonathan P,29/09/2015,8/3/2023,6,0,4,424,9/12/1976,,10
437,Scholes Joanne K,1/1/2015,,4,1,1,386,8/24/1973,,9
438,Massie Saleha K,1/1/2015,,7,1,4,392,2/28/1986,,8
439,Watt Kenneth Y,1/1/2015,,7,0,5,438,3/14/1989,,9
440,Hardy Patricia Q,1/1/2015,7/22/2020,2,1,5,398,9/8/1979,,7
441,Morris Nishma U,20/01/2015,8/4/2016,5,1,4,396,4/22/1979,,8
442,Shelley Katie A,12/9/2015,,9,1,5,374,12/6/1971,,8
443,Richardson Margaret U,1/1/2015,7/22/2023,8,1,2,419,7/20/1979,,9
444,Field Sonia R,27/07/2016,,8,1,1,419,12/15/1976,,9
445,Parrett Iris D,26/11/2015,5/15/2021,6,1,3,424,10/20/1967,,10
446,Robinson Nazma U,23/01/2015,,2,1,2,398,2/26/1958,,7
447,Seabrook Paulin E,1/1/2015,,5,0,2,441,5/9/1982,,9
448,Devlin Anne Y,1/1/2015,,7,1,5,438,7/6/1960,,9
449,Walmsley Antony P,28/08/2015,,1,0,2,394,5/15/1963,,11
450,Gibbs Joanne V,8/10/2016,,1,1,5,394,10/13/1996,,11
451,Wright Elisabeth G,1/1/2015,12/13/2021,3,1,2,410,10/13/1967,,8
452,Coppin Kathryn O,1/1/2015,,4,1,5,386,2/29/1972,,9
453,Gilroy Carol I,23/09/2016,,3,1,4,451,3/2/1974,,9
454,Dawber Diane I,7/8/2015,,9,1,3,374,7/5/1966,,8
455,Fleet Arthur E,1/1/2015,,5,0,1,441,6/7/1962,,9
456,Woodbridge Roy S,24/05/2015,,3,0,4,451,2/8/1975,,9
457,Morris Arthur M,1/1/2015,7/2/2020,7,0,5,438,7/20/1962,,9
458,Johnson Darren K,1/1/2015,,2,0,3,398,11/14/1979,,7
459,Jarvis John D,1/1/2015,4/19/2018,6,0,1,424,9/14/1972,,10
460,Murray Paulin N,9/5/2015,,7,0,4,438,12/26/1972,,9
461,Shearer Anastasia G,22/02/2016,6/2/2018,6,1,3,424,11/15/1969,,10
462,Turner Lesley G,25/01/2016,,2,1,3,398,9/15/1976,,7
463,John Harry G,1/1/2015,4/1/2020,10,0,5,415,10/28/1965,,10
464,Webb Kathryn E,1/1/2015,6/15/2022,2,1,2,398,7/31/1965,,7
465,Shute Adrian T,18/03/2016,4/25/2022,5,0,2,441,4/23/1989,,9
466,Mistry Saleha Z,4/2/2015,,5,1,1,441,3/3/1981,,9
467,Devlin Diane R,5/4/2015,,10,1,5,415,12/8/1973,,10
468,Stevenson Alan U,2/6/2015,,1,0,2,394,7/24/1984,,11
469,Murray David D,22/11/2015,,8,0,3,419,3/8/1960,,9
470,Gorton Bhavna U,1/1/2015,,3,1,4,451,7/12/1970,,9
471,Nash Iris P,1/1/2015,,2,1,4,464,1/20/1968,,8
472,Hyslop Edward O,1/1/2015,,7,0,1,438,11/29/1971,,9
473,Woodbridge Timothy P,1/1/2015,,8,0,5,419,12/4/1981,,9
474,Woolley Adam V,1/1/2015,4/20/2021,2,0,4,464,3/26/1971,,8
475,Nielson Colin D,1/1/2015,,8,0,5,473,7/11/1977,,10
476,Gilroy Joseph Q,10/11/2015,,6,0,2,424,7/21/1987,,10
477,Shute Frank H,1/1/2015,6/5/2019,1,0,4,394,11/22/1955,,11
478,Mead Gordon G,8/5/2016,,4,0,1,386,2/25/1986,,9
479,Coombs Maureen M,1/1/2015,,3,1,1,451,3/7/1976,,9
480,Lewis Phyllis E,27/06/2015,,1,1,3,394,10/2/1971,,11
481,Deering Brenda I,1/5/2015,7/29/2019,10,1,5,415,8/1/1988,,10
482,Stevenson Carmel E,1/1/2015,7/3/2016,5,1,1,441,10/13/1983,,9
483,Wright James T,23/04/2015,,1,0,3,480,5/12/1963,,12
484,Walmsley Noella H,1/1/2015,,7,1,5,438,9/10/1984,,9
485,Shearer Philip X,24/09/2015,,8,0,4,473,11/8/1973,,10
486,Walmsley Joanna V,1/1/2015,5/10/2017,9,1,1,374,11/23/1969,,8
487,Crompton Grace D,10/4/2016,,6,1,5,476,2/20/1972,,11
488,Marsden Peter F,1/1/2015,6/17/2015,7,0,2,484,3/3/1971,,10
489,Ranson Joanne D,1/1/2015,3/18/2017,1,1,3,480,11/6/1977,,12
490,Mills Herbert H,4/3/2015,,8,0,1,473,5/7/1971,,10
491,MacMillan Alan U,9/7/2015,,2,0,5,464,9/9/1968,,8
492,Dawber Liam B,1/1/2015,,5,0,2,441,1/19/1990,,9
493,Richardson Elizabeth F,1/1/2015,,2,1,2,464,12/25/1974,,8
494,Powell Colin T,30/06/2015,,9,0,1,486,7/5/1995,,9
495,Woodbridge Maureen W,16/06/2015,1/15/2020,4,1,4,386,10/3/1986,,9
496,Richards Nicola Y,1/1/2015,,5,1,1,492,12/27/1977,,10
497,Shute Anna I,6/11/2016,,5,1,2,492,12/22/1964,,10
498,Fleet Jayne K,1/1/2015,,3,1,5,451,6/6/1967,,9
499,Kenney Peter M,1/1/2015,,5,0,1,492,1/8/1968,,10
500,Field Miroslawa C,1/1/2015,11/24/2019,3,1,4,451,4/2/1973,,9
501,Turner Herbert O,28/11/2015,5/29/2021,4,0,1,495,11/24/1975,,10
502,Channing Grace J,1/1/2015,9/27/2019,6,1,1,476,12/10/1962,,11
503,Seabrook Dimitrios W,22/10/2015,11/24/2020,9,0,4,486,1/29/1973,,9
504,Kenney Kay Q,29/05/2015,8/27/2022,10,1,1,415,12/31/1972,,10
505,Shelley Carmel C,1/1/2015,,4,1,1,495,7/18/1979,,10
506,Cousins Sally U,24/08/2016,,2,1,1,464,5/7/1981,,8
507,Polizzi Angela C,1/1/2015,,10,1,4,504,3/17/1971,,11
508,Hardy Noella T,23/02/2015,,3,1,2,500,12/15/1976,,10
509,Mead Sonia C,2/5/2015,3/16/2021,8,1,1,473,11/29/1979,,10
510,Henry Francis V,1/1/2015,,5,0,3,492,12/22/1991,,10
511,Watt Harry K,1/1/2015,6/13/2023,3,0,5,500,9/29/1964,,10
512,Rutherford Leonard N,5/11/2015,,4,0,3,495,7/23/1993,,10
513,Walmsley Sonia S,22/04/2016,5/20/2019,1,1,2,480,3/5/1977,,12
514,Mead Adam R,3/4/2015,12/28/2015,8,0,5,473,1/3/1994,,10
515,Lovett Sandra X,1/1/2015,,2,1,4,464,5/11/1984,,8
516,Rawson Daniel F,1/1/2015,,8,0,3,473,10/3/1977,,10
517,Stevenson Leonard C,29/10/2016,,6,0,4,476,1/5/1971,,11
518,Ranson Thomas L,24/12/2015,,6,0,3,476,11/24/1982,,11
519,Murray Ann T,1/1/2015,,10,1,5,504,7/13/1972,,11
520,Colley Leonard W,15/07/2016,,8,0,3,516,7/26/1977,,11
521,Hulme Simon L,1/1/2015,9/2/2023,8,0,2,516,12/16/1990,,11
522,Ranson Kevin H,20/02/2015,,3,0,2,500,2/6/1971,,10
523,Crompton Colette C,29/04/2015,,1,1,4,480,12/3/1988,,12
524,Rasul Herbert S,1/1/2015,,10,0,3,504,2/1/1983,,11
525,Fleet George W,1/1/2015,8/22/2018,1,0,1,480,7/15/1976,,12
526,Leyland Antony K,1/1/2015,,3,0,2,500,3/3/1982,,10
527,Bennett Josie C,25/05/2015,,10,1,4,504,8/20/1972,,11
528,Mistry Saleha X,1/1/2015,,7,1,3,484,3/16/1972,,10
529,Jackson Lesley N,1/1/2015,,8,1,2,516,12/23/1964,,11
530,Stevenson Adam Y,1/1/2015,,10,0,3,504,5/10/1958,,11
531,Ewart Herbert Y,20/09/2015,10/3/2015,2,0,3,515,10/8/1986,,9
532,Massie Harry O,1/1/2015,,2,0,3,515,8/27/1971,,9
533,Richards Darren P,1/1/2015,,4,0,4,495,4/30/1982,,10
534,Simpson Karen B,1/1/2015,,7,1,2,484,8/4/1967,,10
535,Marsden Colin U,18/04/2015,,8,0,3,516,12/18/1971,,11
536,Lovett Frank W,1/1/2015,,1,0,4,480,1/10/1982,,12
537,Gibbs Alison F,1/1/2015,,3,1,3,500,1/20/1973,,10
538,Haigh Douglas W,1/1/2015,,10,0,1,504,10/20/1970,,11
539,Turner Jayne T,4/2/2016,,5,1,3,492,12/25/1990,,10
540,John Anna Z,1/1/2015,,7,1,4,484,5/1/1977,,10
541,Richardson Hannah N,24/04/2015,5/27/2021,8,1,3,516,1/17/1965,,11
542,Cousins Leigh O,1/1/2015,,3,0,3,500,7/20/1972,,10
543,Gore Jonathan Z,1/1/2015,,6,0,5,476,3/11/1977,,11
544,Coppin Davide B,13/11/2015,,4,0,1,495,8/3/1988,,10
545,Field Catherine T,6/3/2015,,5,1,1,492,3/11/1995,,10
546,Gadd Eunice H,9/9/2015,,8,1,1,516,8/27/1974,,11
547,Massie Samantha R,1/1/2015,,5,1,1,545,7/4/1971,,11
548,Mistry Tirzah F,30/05/2015,9/8/2022,6,1,3,476,12/19/1980,,11
549,Lloyd Thomas Y,21/02/2015,,7,0,5,484,12/14/1992,,10
550,Marsden Daniel E,1/1/2015,,1,0,3,536,11/18/1975,,13
551,Mistry Elizabeth Z,15/02/2015,,6,1,5,548,9/9/1969,,12
552,Pooley Eileen R,1/1/2015,,8,1,2,546,5/11/1959,,12
553,MacMillan Gordon J,1/1/2015,,8,0,2,546,7/23/1962,,12
554,Swart Leslie L,1/1/2015,,5,0,5,545,3/19/1979,,11
555,Green Bevis A,12/8/2016,8/4/2022,3,0,3,542,4/19/1974,,11
556,Hardy Bhavna N,16/08/2015,,3,1,1,542,2/21/1995,,11
557,Dingley Brigitte D,1/1/2015,8/26/2018,2,1,1,515,10/10/1973,,9
558,Gore Francis F,1/1/2015,,4,0,1,495,6/19/1986,,10
559,Parke Rebecca A,1/1/2015,,10,1,4,538,5/28/1981,,12
560,Jones Selina Z,1/1/2015,,5,1,3,545,10/5/1974,,11
561,Jones Richard J,1/1/2015,,3,0,3,542,7/31/1955,,11
562,Mistry Philip Q,6/6/2015,,4,0,4,558,1/15/1967,,11
563,Lloyd Paulin B,1/1/2015,12/24/2020,1,0,5,536,4/4/1970,,13
564,Smith Christopher E,17/06/2015,5/21/2016,9,0,5,486,12/1/1978,,9
565,Collingwood Dimitrios G,10/11/2017,,6,0,2,548,11/19/1988,,12
566,Pooley Miroslawa W,1/1/2015,,6,1,1,548,6/21/1979,,12
567,Richards George I,17/12/2015,5/5/2022,1,0,4,536,8/2/1966,,13
568,Morris Elisabeth G,17/04/2015,,9,1,4,486,10/29/1973,,9
569,Dawber Kenneth Y,1/1/2015,,4,0,5,558,1/6/1995,,11
570,Lovett Sonia B,17/07/2015,,6,1,4,548,11/27/1970,,12
571,Hardy Graham Z,1/3/2016,6/27/2018,3,0,3,542,1/27/1972,,11
572,Lloyd Helen J,21/08/2015,,8,1,4,546,3/6/1991,,12
573,Lloyd Elsie Q,1/1/2015,6/2/2019,1,1,5,536,11/30/1973,,13
574,Webb Paulin K,1/1/2015,,8,0,1,546,10/13/1965,,12
575,Cousins Daniel F,1/1/2015,,2,0,5,515,4/17/1985,,9
576,Lewis Julie S,14/07/2015,,1,1,3,536,9/23/1965,,13
577,Wynn Daniel K,29/04/2015,4/14/2023,2,0,4,515,3/31/1969,,9
578,Walmsley Rebecca A,4/11/2015,,6,1,1,548,11/12/1969,,12
579,Channing Frances C,3/2/2015,,1,1,3,536,3/6/1981,,13
580,Kenney George K,1/1/2015,11/14/2016,2,0,2,515,4/4/1964,,9
581,Morris Jeanne L,3/2/2015,,10,1,1,538,6/16/1974,,12
582,Housley Anastasia C,9/1/2015,8/14/2016,3,1,5,542,9/1/1978,,11
583,Bland Sarah W,1/1/2015,,4,1,5,558,4/26/1952,,11
584,Goddard Laura P,16/10/2015,,5,1,4,545,11/29/1988,,11
585,Dingley John Y,1/1/2015,1/2/2021,10,0,2,538,12/21/1961,,12
586,Colley Iris T,1/1/2015,,5,1,2,545,2/2/1970,,11
587,Woolley Sandra Q,28/05/2015,9/12/2016,7,1,3,484,7/21/1981,,10
588,Walmsley Selina M,1/1/2015,6/28/2021,3,1,3,542,9/14/1974,,11
589,Parrett Alan A,3/1/2016,,6,0,5,548,6/5/1966,,12
590,Collingwood Gill D,29/01/2015,,4,1,3,558,3/28/1970,,11
591,Richards Karen O,11/10/2015,,2,1,4,580,6/24/1989,,10
592,Goddard Dimitrios F,1/1/2015,12/8/2016,2,0,1,580,12/6/1988,,10
593,Woodbridge Laura W,18/02/2015,,1,1,4,579,1/21/1981,,14
594,Goddard Adrian L,1/1/2015,,5,0,3,545,9/16/1979,,11
595,Gorton Douglas U,1/1/2015,,3,0,2,588,6/18/1977,,12
596,Gadd Jonathan X,1/1/2015,,4,0,5,558,8/11/1967,,11
597,Woodbridge Helen O,1/1/2015,,10,1,1,538,1/28/1983,,12
598,Lovett Antony V,17/08/2015,9/25/2021,2,0,2,580,3/21/1974,,10
599,Lloyd Bhavna N,1/1/2015,1/31/2015,6,1,4,589,9/5/1983,,13
600,Pryde Olu T,18/06/2016,,5,0,3,594,4/8/1975,,12
601,Morris Darren J,1/1/2015,,7,0,3,587,7/10/1972,,11
602,Primrose David L,25/05/2016,,10,0,4,538,10/25/1979,,12
603,Gilroy Rajesh X,1/1/2015,7/19/2017,3,0,3,588,12/18/1976,,12
604,Murray Russell X,1/1/2015,,8,0,2,546,12/26/1977,,12
605,Rasul Roger I,8/10/2015,,6,0,2,589,1/5/1978,,13
606,Roberts Roy K,1/1/2015,,1,0,2,579,3/25/1969,,14
607,Lovett Saleha B,22/06/2015,,10,1,1,538,11/16/1990,,12
608,Sheldrick Adam N,1/1/2015,7/16/2015,7,0,2,587,12/7/1981,,11
609,Haigh Adam S,1/1/2015,10/20/2018,1,0,3,579,1/5/1972,,14
610,Norman George Y,19/08/2015,1/27/2021,1,0,4,579,8/7/1973,,14
611,Cousins Diana E,1/1/2015,,9,1,1,486,3/7/1989,,9
612,Gorton Tracey S,1/3/2015,,6,1,3,589,12/16/1987,,13
613,Fleet Stuart P,30/04/2016,,6,0,2,589,3/26/1985,,13
614,Devlin Angela D,22/06/2015,,3,1,1,588,3/27/1961,,12
615,Bland Gary J,19/09/2015,,6,0,1,589,3/21/1977,,13
616,Stevenson Nicola R,1/1/2015,,10,1,4,607,12/19/1960,,13
617,Jackson Sally E,7/7/2016,,5,1,2,594,2/26/1990,,12
618,Haigh Gwendolyn E,30/01/2016,,2,1,1,580,6/28/1970,,10
619,Deering Kenneth W,13/09/2015,,3,0,3,588,7/4/1987,,12
620,McCarthy Lesley P,20/03/2015,6/16/2019,1,1,3,579,10/13/1970,,14
621,Pooley Chi O,20/11/2015,8/7/2016,2,0,1,580,7/29/1981,,10
622,Webb Irene F,13/06/2016,,1,1,3,579,6/24/1962,,14
623,Jarvis Adam T,24/06/2016,9/30/2023,6,0,5,589,6/18/1990,,13
624,Crompton Darren O,2/1/2016,5/21/2020,6,0,1,623,7/21/1980,,14
625,Barrett David Z,1/1/2015,8/7/2017,2,0,1,580,3/14/1968,,10
626,Wright Jean L,5/2/2015,5/16/2020,4,1,4,558,11/3/1974,,11
627,Murray Gill F,14/07/2016,,8,1,5,546,12/1/1981,,12
628,Murray Ripduman U,1/1/2015,12/23/2017,7,1,2,587,9/28/1964,,11
629,Housley Gill N,24/08/2015,,8,1,5,627,10/1/1976,,13
630,Housley Christopher Y,1/1/2015,6/9/2015,6,0,1,623,2/4/1976,,14
631,Rawson Leslie J,1/1/2015,8/9/2015,4,0,5,626,11/3/1968,,12
632,Sheldrick Morag K,1/1/2015,,8,1,4,627,2/2/1983,,13
633,Massie Leigh K,1/1/2015,,4,0,5,626,6/3/1978,,12
634,Turner Bevis Y,1/1/2015,,1,0,3,622,1/2/1969,,15
635,Pryde Frances L,1/1/2015,,7,1,3,587,8/27/1978,,11
636,Rasul Chi O,1/1/2015,,5,0,3,594,2/9/1978,,12
637,Lloyd Leonard S,31/07/2016,7/15/2017,4,0,5,626,10/26/1977,,12
638,Nielson Simon O,1/1/2015,,2,0,1,625,8/17/1980,,11
639,Jarvis George O,25/01/2015,,1,0,2,622,9/24/1985,,15
640,Field Jeanne L,1/1/2015,,10,1,4,607,8/5/1979,,13
641,Cousins Lisa R,11/5/2016,10/20/2020,3,1,2,588,9/20/1971,,12
642,Hulme Lynnette Z,28/02/2015,,4,1,4,626,7/1/1987,,12
643,Pryde Rajesh W,1/1/2015,8/25/2023,1,0,4,622,11/13/1990,,15
644,Deering Dimitrios E,20/01/2016,,7,0,2,587,1/25/1996,,11
645,Hulme John J,10/6/2015,,5,0,4,594,6/15/1995,,12
646,Andrews Anne H,29/08/2015,,1,1,4,622,8/20/1985,,15
647,Mills Joanna O,1/1/2015,4/11/2018,10,1,2,607,2/3/1990,,13
648,Marsden Leonard X,1/1/2015,6/26/2016,2,0,2,625,2/9/1977,,11
649,Channing Bruno A,18/02/2016,8/25/2018,3,0,3,588,8/25/1977,,12
650,McCarthy Elizabeth T,1/1/2015,6/5/2015,7,1,4,587,5/6/1977,,11
651,Smith John S,1/1/2015,8/18/2023,3,0,3,649,10/22/1985,,13
652,Devlin Graham V,8/1/2016,,7,0,5,650,12/17/1975,,12
653,Dingley Jonathan T,1/1/2015,,2,0,1,625,7/25/1961,,11
654,Scholes Iris L,1/1/2015,,6,1,1,623,9/26/1965,,14
655,Marsden Helen O,1/1/2015,3/29/2022,3,1,1,649,10/21/1981,,13
656,Barrett Rebecca C,1/1/2015,5/17/2022,8,1,5,627,1/26/1982,,13
657,Nash Diane T,1/1/2015,2/5/2022,5,1,3,594,7/25/1977,,12
658,Ranson Sally N,18/11/2015,,1,1,4,622,2/6/1979,,15
659,King Dimitrios F,5/10/2015,,6,0,3,623,5/15/1979,,14
660,Wright Frank V,18/07/2015,,7,0,3,650,2/7/1973,,12
661,Geraghty Timothy D,9/7/2015,,7,0,4,650,1/9/1964,,12
662,Field Sally F,31/01/2016,7/17/2016,8,1,4,627,12/4/1994,,13
663,Marsden Dimitrios W,5/12/2015,12/30/2018,4,0,1,626,5/25/1977,,12
664,Woodbridge Samantha F,1/1/2015,,10,1,3,607,12/12/1973,,13
665,Wright Bruno B,1/1/2015,2/1/2017,3,0,4,649,1/24/1980,,13
666,Dawber Miroslawa P,1/1/2015,4/29/2020,10,1,4,607,1/13/1968,,13
667,Parrett Nicholas Q,1/1/2015,,2,0,4,625,11/24/1975,,11
668,Smith Gordon J,26/06/2015,,9,0,2,486,5/8/1992,,9
669,Roberts Steven S,1/1/2015,,5,0,4,594,10/25/1970,,12
670,Leyland Simon W,19/07/2016,,1,0,3,622,11/16/1975,,15
671,Rutherford Christopher S,18/09/2015,6/23/2016,4,0,3,626,5/7/1978,,12
672,Murray Sandra N,18/08/2015,3/21/2023,10,1,4,607,1/14/1990,,13
673,Lewis Syed G,1/1/2015,7/21/2021,8,0,2,627,6/15/1961,,13
674,Colley Adele D,1/1/2015,3/19/2015,5,1,2,669,1/12/1980,,13
675,Scholes Joseph F,6/11/2016,,4,0,2,671,1/21/1985,,13
676,Brant Arthur T,1/1/2015,11/26/2018,6,0,4,623,7/10/1972,,14
677,Polizzi Jean U,5/12/2015,,6,1,1,623,8/29/1995,,14
678,Standen Ann Q,10/7/2015,8/11/2022,7,1,5,650,6/12/1990,,12
679,Morris Jill I,5/2/2015,,7,1,3,650,3/22/1964,,12
680,Devlin Amanda H,1/1/2015,,2,1,2,625,11/4/1972,,11
681,Gorton Elisabeth N,1/1/2015,,3,1,4,649,9/14/1956,,13
682,Robinson Bruno L,13/01/2016,,10,0,4,672,6/27/1968,,14
683,Colley Nuala F,1/1/2015,,5,1,4,669,5/1/1979,,13
684,Shearer Simone F,7/12/2017,,1,1,5,670,12/12/1997,,16
685,Gadd John P,1/6/2016,,4,0,3,671,12/15/1970,,13
686,Parrett Kevin U,1/1/2015,7/14/2022,8,0,2,627,7/23/1977,,13
687,Dingley Joanna A,1/1/2015,7/21/2018,3,1,3,649,10/18/1972,,13
688,Walmsley Steven S,8/1/2017,,7,0,1,650,8/11/1967,,12
689,Pryde Laura D,24/05/2015,,1,1,5,670,3/6/1983,,16
690,Lewis Clare U,8/12/2016,,6,1,1,677,7/27/1963,,15
691,Rutherford Francis X,1/1/2015,,6,0,1,677,8/7/1972,,15
692,John Robert Z,17/12/2015,3/31/2020,5,0,2,669,12/22/1995,,13
693,Parkes Philip J,1/1/2015,,10,0,4,672,11/18/1975,,14
694,Channing Ripduman P,1/1/2015,,7,1,4,688,1/10/1981,,13
695,Scholes Irene Z,5/4/2015,,7,1,3,688,10/26/1979,,13
696,Coppin George D,1/1/2015,,8,0,5,686,10/27/1973,,14
697,Woodbridge Gary K,12/9/2015,12/18/2017,4,0,3,671,10/6/1977,,13
698,Johnson Paul J,20/04/2016,,6,0,4,677,4/20/1977,,15
699,Crompton Colin M,4/1/2016,,1,0,5,670,6/22/1969,,16
700,Barrett Ann I,14/10/2015,,2,1,4,625,9/25/1978,,11
701,Mills Hannah J,1/1/2015,6/17/2018,8,1,3,686,10/16/1991,,14
702,Hyslop Kay H,26/02/2015,,7,1,3,688,9/7/1976,,13
703,Pryde Martin M,1/1/2015,,1,0,5,670,10/14/1965,,16
704,Polizzi Diana S,1/1/2015,,8,1,1,686,1/29/1975,,14
705,Hardy Colette M,17/09/2015,8/13/2021,5,1,2,669,6/22/1980,,13
706,Shelley Gillian M,21/03/2016,7/9/2019,4,1,4,671,5/30/1985,,13
707,Johnson Linda F,29/03/2016,7/17/2019,1,1,1,670,7/23/1975,,16
708,Woolley Russell M,1/1/2015,6/10/2020,3,0,4,649,5/31/1964,,13
709,Devlin Adam W,1/1/2015,,10,0,4,672,5/31/1983,,14
710,Roberts Adele C,9/2/2015,4/15/2020,10,1,4,672,5/2/1971,,14
711,Crompton Sonia U,1/1/2015,,6,1,5,677,6/19/1965,,15
712,Sheldrick Lisa U,1/1/2015,4/14/2021,10,1,1,672,11/8/1976,,14
713,Barrett Bhavna R,14/05/2016,,6,1,5,677,2/24/1972,,15
714,Bennett Douglas I,1/1/2015,,10,0,2,672,1/28/1966,,14
715,Shearer Russell J,1/1/2015,4/20/2022,10,0,1,714,11/2/1969,,15
716,Lloyd Joanna S,1/1/2015,,2,1,4,700,2/15/1984,,12
717,Roberts Nuala B,1/1/2015,7/3/2021,8,1,4,686,5/31/1970,,14
718,Mead Frances H,1/1/2015,,8,1,5,686,3/24/1971,,14
719,Hulme Amanda D,5/8/2015,,6,1,5,677,6/12/1988,,15
720,Shelley Joanna N,1/1/2015,6/7/2023,4,1,5,671,8/25/1988,,13
721,Hardy George F,1/1/2015,9/5/2020,10,0,3,714,2/6/1983,,15
722,Gadd Michael E,1/1/2015,5/2/2019,8,0,1,686,12/1/1986,,14
723,Parkes Jane F,29/04/2015,,9,1,5,668,5/4/1995,,10
724,Seabrook Simone H,9/1/2016,,1,1,3,670,3/27/1988,,16
725,Mongan Samantha G,14/10/2015,,5,1,5,669,4/1/1983,,13
726,Woodbridge Nazma D,15/02/2015,5/28/2023,4,1,2,671,12/1/1983,,13
727,Murray Antony T,28/09/2015,8/21/2023,3,0,5,708,11/2/1978,,14
728,Green Alison F,1/1/2015,7/20/2022,5,1,5,669,7/31/1982,,13
729,Lamb Christopher I,10/6/2015,,9,0,2,668,2/21/1970,,10
730,Pooley Harry H,20/06/2015,,1,0,1,724,9/14/1965,,17
731,Cousins Elisabeth Y,19/11/2015,,2,1,1,700,6/30/1984,,12
732,Field Colin K,29/09/2015,,2,0,4,700,5/30/1978,,12
733,Simpson Paulin R,9/10/2015,3/15/2019,4,0,2,726,3/19/1973,,14
734,Gibbs Joanne V,1/1/2015,7/18/2019,1,1,5,724,9/30/1994,,17
735,Cousins Gary X,1/1/2015,6/15/2022,9,0,2,668,1/19/1977,,10
736,King Paul C,9/2/2015,,4,0,2,726,10/15/1972,,14
737,Primrose Carol I,28/09/2015,,5,1,3,728,4/9/1963,,14
738,Nash Roger X,1/1/2015,,10,0,3,714,2/15/1969,,15
739,Massie John V,1/1/2015,,10,0,5,714,1/6/1995,,15
740,Swart Liam J,1/1/2015,,7,0,2,688,2/24/1967,,13
741,Simpson Alan O,1/1/2015,,6,0,2,719,10/19/1973,,16
742,Parrett Dimitrios S,1/1/2015,,1,0,1,724,3/17/1962,,17
743,Field Rosalie W,28/02/2016,5/28/2021,8,1,2,722,4/1/1957,,15
744,MacMillan David K,11/4/2017,,5,0,2,728,9/29/1961,,14
745,Gore Jayne L,1/1/2015,,2,1,2,700,3/3/1974,,12
746,Haigh Steven I,1/1/2015,,8,0,3,722,5/19/1974,,15
747,Channing Tracey E,1/1/2015,,7,1,2,688,4/1/1982,,13
748,Deering Adrian K,12/12/2016,2/27/2020,1,0,5,724,1/18/1996,,17
749,Sheldrick Lynnette E,29/03/2015,8/15/2023,5,1,1,728,2/25/1966,,14
750,Lamb Clare Y,1/1/2015,,6,1,2,719,4/23/1973,,16
751,Bland Alan W,1/1/2015,3/30/2023,1,0,2,724,3/20/1967,,17
752,Robinson Emma L,17/06/2015,,9,1,2,668,6/22/1995,,10
753,Kralj Sylvia X,13/06/2015,8/11/2022,1,1,1,724,9/24/1978,,17
754,Polizzi Nicola S,23/11/2016,,8,1,4,722,5/2/1950,,15
755,Barrett Joseph D,9/5/2015,,5,0,5,728,4/9/1973,,14
756,Gibbs Dimitrios T,7/9/2015,9/15/2015,4,0,2,726,2/28/1964,,14
757,Barrett Robert T,11/5/2016,,3,0,5,708,3/22/1986,,14
758,Smith Kathryn U,12/8/2015,6/11/2022,9,1,3,668,12/25/1967,,10
759,Walmsley Dimitrios D,1/1/2015,,1,0,2,753,5/9/1972,,18
760,Lloyd Andree K,28/01/2016,,9,1,3,668,3/31/1974,,10
761,Lewis Sharmin Y,30/11/2016,,6,1,1,719,12/9/1986,,16
762,Wilson Adrian J,1/1/2015,6/19/2023,2,0,1,700,2/12/1963,,12
763,Parke Rebecca B,1/1/2015,7/12/2021,5,1,3,728,12/19/1965,,14
764,John Daniel Q,21/05/2015,,9,0,1,760,7/21/1989,,11
765,Powell Colin P,6/1/2015,,2,0,1,700,6/18/1979,,12
766,Deering Grace O,1/1/2015,11/17/2017,3,1,1,708,11/5/1980,,14
767,Choi Jeanne Z,21/11/2015,,1,1,5,753,9/22/1984,,18
768,Smith Patricia P,13/10/2015,,8,1,1,722,5/28/1979,,15
769,Mongan Katie W,1/1/2015,8/13/2016,8,1,3,722,5/13/1971,,15
770,Johnson Chi N,6/10/2015,9/3/2020,3,0,5,708,6/14/1960,,14
771,Deering Olu C,15/05/2016,11/20/2020,2,0,4,765,7/4/1971,,13
772,Shelley Dimitrios J,15/05/2016,6/29/2022,9,0,3,760,4/23/1979,,11
773,Brant Paul X,26/04/2015,,6,0,5,719,2/28/1990,,16
774,Mongan Nishma L,21/04/2016,,9,1,1,760,1/9/1967,,11
775,Robinson Darren P,1/1/2015,8/7/2020,3,0,5,708,10/5/1980,,14
776,Field Margaret F,12/7/2015,6/9/2021,8,1,2,722,1/20/1987,,15
777,Bennett Frank W,19/01/2015,,10,0,4,714,3/1/1973,,15
778,Murray Hannah L,13/01/2015,,4,1,2,726,9/26/1961,,14
779,Shelley Nishma P,1/1/2015,5/18/2015,7,1,4,688,3/10/1959,,13
780,Simpson Josie E,1/11/2015,7/27/2019,7,1,4,779,9/7/1974,,14
781,Jones Gordon X,15/01/2015,6/10/2017,5,0,3,728,3/21/1986,,14
782,Jackson Giulio S,1/1/2015,11/13/2019,1,0,1,753,12/16/1984,,18
783,Gilroy Josie G,4/2/2015,6/9/2020,9,1,5,760,8/5/1971,,11
784,Rasul Giulio N,3/2/2016,,1,0,2,753,1/25/1973,,18
785,Colley Bevis F,1/1/2015,,5,0,5,781,8/3/1969,,15
786,Scholes Sonia J,11/11/2015,7/7/2019,6,1,5,719,9/16/1974,,16
787,Walmsley Nuala T,1/1/2015,3/2/2020,3,1,4,708,4/15/1979,,14
788,Primrose Leslie I,15/02/2015,,5,0,5,781,1/11/1980,,15
789,Wright Rebecca Y,1/1/2015,,4,1,1,726,3/12/1981,,14
790,Rutherford Leigh P,5/11/2015,11/9/2020,1,0,2,753,8/4/1993,,18
791,Richardson Nuala F,1/1/2015,,2,1,5,765,1/6/1995,,13
792,Powell Adele T,16/01/2015,,1,1,4,753,9/7/1972,,18
793,Wright Iris E,6/6/2015,,5,1,1,781,7/13/1967,,15
794,Gibbs Nazma O,20/04/2016,9/3/2017,2,1,4,765,9/27/1973,,13
795,Parrett Rebecca U,26/05/2016,,2,1,5,765,7/29/1973,,13
796,Morris Chi A,1/1/2015,,4,0,2,726,9/16/1976,,14
797,Andrews Diana E,26/04/2015,,4,1,1,796,10/14/1982,,15
798,Choi Daniel K,28/09/2015,,2,0,4,765,11/23/1983,,13
799,Mead Darren R,13/04/2015,4/27/2015,5,0,3,781,7/26/1986,,15
800,Henry Gordon F,13/05/2016,,9,0,2,760,1/18/1968,,11
801,Wright Jean A,13/10/2016,,3,1,5,787,3/18/1975,,15
802,Ewart Giulio G,1/1/2015,7/4/2019,5,0,5,781,9/17/1965,,15
803,Hardy Brenda A,1/1/2015,,7,1,4,779,5/24/1974,,14
804,Scholes Selina O,28/05/2015,7/27/2015,9,1,2,760,5/13/1971,,11
805,Robinson Jayne W,1/1/2015,7/26/2020,7,1,4,779,12/8/1967,,14
806,MacMillan Peter I,1/1/2015,6/19/2021,5,0,4,781,1/17/1977,,15
807,Smith Tracey Y,7/10/2015,,10,1,3,714,7/3/1968,,15
808,Turner Chi D,1/1/2015,,8,0,4,776,3/10/1954,,16
809,Hardy Jeanne X,1/1/2015,,1,1,2,792,12/28/1966,,19
810,Swart Alan S,15/01/2015,,7,0,4,779,2/20/1957,,14
811,Coppin Venetia R,2/3/2015,12/15/2018,10,1,2,807,11/21/1965,,16
812,Mongan Tracey D,12/1/2015,7/23/2022,1,1,1,792,9/16/1968,,19
813,MacMillan Antony I,13/12/2015,,8,0,1,776,12/30/1972,,16
814,Green Phyllis Q,1/1/2015,4/17/2018,4,1,3,796,12/11/1976,,15
815,Woolley Leslie H,1/1/2015,,9,0,3,804,10/9/1970,,12
816,Primrose Syed S,15/07/2016,,1,0,5,792,1/27/1964,,19
817,Gilroy Syed F,1/1/2015,,2,0,4,765,12/21/1982,,13
818,Murray Angela E,29/01/2015,,1,1,4,792,9/24/1967,,19
819,Henry Robert Z,17/12/2015,,4,0,4,796,6/18/1982,,15
820,Deering Robert B,1/1/2015,7/11/2023,3,0,5,787,1/5/1977,,15
821,Lamb Jean S,1/1/2015,,7,1,3,779,11/10/1973,,14
822,Rasul Carol O,18/09/2015,3/9/2019,1,1,3,792,12/19/1956,,19
823,Coombs Phyllis W,24/04/2015,2/25/2020,6,1,3,719,6/26/1973,,16
824,Swart Frank G,1/1/2015,8/25/2023,10,0,2,807,8/27/1980,,16
825,Barrett Hannah B,4/9/2015,,7,1,1,779,7/17/1973,,14
826,Mills Grace X,1/1/2015,,9,1,4,804,7/6/1950,,12
827,Field Elizabeth E,1/1/2015,,1,1,3,792,1/16/1973,,19
828,Seabrook Amanda N,1/1/2015,,7,1,5,825,1/16/1976,,15
829,Smith William J,1/1/2015,,7,0,2,825,4/17/1980,,15
830,Andrews Simone K,9/9/2016,7/22/2020,9,1,5,804,1/10/1968,,12
831,Massie Herbert A,3/11/2015,,2,0,1,817,10/31/1982,,14
832,Scholes Colin A,6/7/2016,,8,0,1,776,3/25/1963,,16
833,Swart Antony U,1/1/2015,,1,0,1,827,1/6/1971,,20
834,Andrews Brenda D,1/1/2015,9/26/2017,4,1,2,796,12/31/1977,,15
835,Wright Douglas O,1/1/2015,8/6/2017,4,0,4,796,2/27/1974,,15
836,Robinson Julie V,1/1/2015,,6,1,3,823,6/7/1972,,17
837,Andrews Chi M,1/1/2015,5/29/2017,2,0,3,817,11/5/1971,,14
838,Kralj Emma I,11/12/2015,,9,1,5,804,1/30/1971,,12
839,Leyland Diane Z,22/11/2015,9/16/2017,10,1,2,807,11/10/1977,,16
840,Parke Josie E,2/11/2015,9/8/2023,7,1,4,825,8/13/1975,,15
841,Coppin Carmel Q,29/06/2015,,5,1,5,806,11/13/1984,,16
842,Gadd Simon D,1/1/2015,,8,0,4,776,1/24/1970,,16
843,Turner Lynnette J,1/1/2015,,5,1,5,806,6/19/1963,,16
844,Haigh Grace F,1/1/2015,,3,1,5,787,7/2/1972,,15
845,Coppin Adele I,30/01/2015,9/8/2019,3,1,4,787,2/9/1981,,15
846,Gibbs Judy R,2/5/2015,8/3/2022,5,1,4,806,12/14/1978,,16
847,Fleet Antony Y,16/05/2016,8/6/2021,3,0,1,787,6/7/1965,,15
848,Pooley James B,22/04/2016,,9,0,1,804,5/14/1966,,12
849,Walmsley Adam U,4/5/2015,,1,0,3,827,1/8/1963,,20
850,King David D,1/1/2015,2/13/2021,4,0,1,796,10/14/1970,,15
851,Gilroy Sharmin V,1/1/2015,,7,1,5,825,10/10/1978,,15
852,Parke William X,23/11/2015,8/25/2022,9,0,3,804,4/10/1984,,12
853,Kralj Kathleen E,15/05/2015,,3,1,5,787,8/7/1948,,15
854,Pooley Selina R,17/04/2015,8/20/2020,9,1,3,852,6/20/1973,,13
855,Woolley Elsie F,1/1/2015,1/7/2020,2,1,2,817,11/1/1979,,14
856,Cousins Chi X,4/1/2015,9/12/2022,8,0,4,776,2/26/1971,,16
857,Mongan Antony P,1/1/2015,,2,0,2,817,8/7/1973,,14
858,Stevenson Tirzah K,1/7/2015,1/19/2019,4,1,3,850,6/13/1991,,16
859,Gilroy Catherine F,24/03/2015,,2,1,1,817,7/8/1969,,14
860,Bland Simone E,1/5/2015,,8,1,1,776,5/19/1985,,16
861,Gibbs Syed F,1/1/2015,,4,0,2,850,12/23/1973,,16
862,Woolley Lisa N,1/1/2015,8/20/2019,3,1,4,853,2/10/1989,,16
863,Andrews Selina A,1/1/2015,11/17/2020,1,1,5,827,5/3/1974,,20
864,Gorton Elizabeth X,9/1/2016,,5,1,3,806,1/25/1971,,16
865,Henry Kathleen F,29/07/2015,,2,1,3,817,7/17/1961,,14
866,Shute Edward E,1/1/2015,,1,0,3,827,2/21/1972,,20
867,Deering Timothy T,1/1/2015,8/12/2022,4,0,5,850,4/28/1969,,16
868,Roberts Daniel H,20/11/2015,,1,0,3,827,9/3/1983,,20
869,Richardson Margaret T,25/07/2016,1/1/2024,9,1,3,852,6/13/1972,,13
870,Johnson Gordon N,1/1/2015,,10,0,3,807,10/14/1971,,16
871,Murray Sonia P,1/1/2015,,3,1,5,853,9/30/1981,,16
872,Jarvis Daniel K,1/1/2015,3/26/2018,3,0,2,853,6/28/1969,,16
873,King Eunice Z,1/1/2015,,1,1,3,827,11/4/1968,,20
874,Mills Diane S,1/1/2015,,7,1,2,825,7/2/1988,,15
875,Geraghty Arthur S,28/04/2015,,3,0,3,853,2/14/1988,,16
876,Bland Thomas L,16/04/2015,,2,0,3,865,5/20/1986,,15
877,Gibbs William A,28/04/2015,,1,0,2,873,1/1/1988,,21
878,Fleet Diane X,1/1/2015,8/7/2021,3,1,2,853,8/23/1956,,16
879,Woodbridge Roger G,1/1/2015,,8,0,5,860,4/7/1982,,17
880,Parrett Edward O,17/09/2015,,4,0,4,850,10/6/1976,,16
881,Coppin Gary B,1/1/2015,,3,0,3,853,7/16/1968,,16
882,Goddard Frank G,25/05/2015,10/17/2016,4,0,5,850,10/10/1982,,16
883,Pryde Lynnette I,22/03/2015,,3,1,1,881,3/2/1972,,17
884,Crompton Ripduman X,1/1/2015,,3,1,4,881,1/27/1971,,17
885,Wilson Christopher G,1/1/2015,,1,0,2,873,1/10/1972,,21
886,Parke Kathleen X,1/1/2015,,4,1,5,850,9/18/1964,,16
887,Hyslop Colette E,1/1/2015,,1,1,1,873,6/11/1982,,21
888,Jarvis Simon R,21/12/2015,3/15/2023,2,0,3,865,2/12/1971,,15
889,Parkes Lynnette T,1/1/2015,6/6/2021,10,1,3,807,10/14/1969,,16
890,Geraghty Nicholas A,26/05/2016,,6,0,5,823,5/14/1968,,17
891,Sheldrick Julie X,11/1/2015,,7,1,5,825,4/14/1994,,15
892,Green Nishma Z,1/1/2015,,6,1,5,823,4/28/1974,,17
893,Cousins Chi S,1/1/2015,,3,0,3,881,12/2/1957,,17
894,Webb Harry U,29/07/2017,,5,0,1,806,7/29/1997,,16
895,Bennett Francis Q,1/1/2015,,4,0,4,886,7/13/1953,,17
896,Rutherford Gill Z,21/05/2015,,9,1,4,852,12/24/1985,,13
897,Gorton Phyllis H,20/06/2015,,5,1,1,806,3/4/1979,,16
898,Primrose Gary I,1/1/2015,,5,0,2,897,8/16/1974,,17
899,Smith Syed P,17/05/2015,,6,0,1,823,3/21/1990,,17
900,Roberts Timothy W,1/1/2015,,4,0,5,886,11/8/1974,,17
901,Barrett Tirzah R,12/12/2015,12/21/2022,9,1,3,852,10/17/1964,,13
902,Jarvis Russell V,1/1/2015,,9,0,5,852,2/16/1982,,13
903,Geraghty Arthur X,1/1/2015,,8,0,5,860,10/4/1981,,17
904,Crompton Catherine T,1/1/2015,,6,1,3,823,12/12/1972,,17
905,Gilroy Selina Y,1/1/2015,,10,1,2,807,1/2/1976,,16
906,Turner Adrian K,12/2/2016,,3,0,2,881,2/10/1986,,17
907,Brant Helen S,1/1/2015,,4,1,2,886,2/10/1975,,17
908,Seabrook Giulio U,1/1/2015,,9,0,4,852,2/22/1979,,13
909,Stevenson Sarah I,1/1/2015,4/14/2015,1,1,1,873,8/25/1987,,21
910,Ewart Colin F,26/02/2015,2/4/2020,9,0,2,908,1/12/1982,,14
911,Geraghty Sarah E,22/01/2016,,7,1,5,891,6/19/1968,,16
912,Pooley Jeanne E,9/1/2015,,7,1,1,891,5/2/1968,,16
913,Sheldrick Colette Y,23/02/2015,,7,1,3,891,12/27/1967,,16
914,Coppin Gary M,1/1/2015,,2,0,3,865,10/19/1975,,15
915,Parrett Colin M,17/02/2015,,2,0,2,865,9/8/1990,,15
916,Parkes Samantha B,14/05/2015,,5,1,2,897,9/29/1967,,17
917,Woolley Colin Z,1/1/2015,4/20/2018,2,0,5,865,4/5/1977,,15
918,Nielson Colette H,15/05/2017,,7,1,1,891,2/11/1969,,16
919,Gilroy Katie U,14/04/2017,,3,1,1,881,2/19/1982,,17
920,Parkes Jayne P,1/1/2015,8/27/2023,5,1,5,897,9/4/1977,,17
921,Geraghty Venetia O,1/1/2015,4/23/2021,10,1,5,905,1/6/1995,,17
922,Morris Anastasia U,1/1/2015,,6,1,4,823,7/27/1983,,17
923,Turner Jonathan F,4/12/2015,,4,0,3,886,9/20/1975,,17
924,Mistry Paul X,1/1/2015,5/21/2022,2,0,2,865,4/4/1973,,15
925,Massie Anastasia W,20/05/2018,,5,1,5,897,4/30/1977,,17
926,Watt Simone F,16/01/2016,,5,1,1,897,7/14/1972,,17
927,Mills Jayne X,21/07/2015,,8,1,3,860,9/17/1972,,17
928,Haigh Jonathan E,1/1/2015,,1,0,2,873,2/11/1981,,21
929,Richards Jeanne A,1/1/2015,,1,1,4,873,12/29/1956,,21
930,Mills Eileen Q,1/1/2015,3/28/2023,7,1,3,891,5/25/1988,,16
931,Choi Brenda B,1/1/2015,,1,1,3,929,8/25/1972,,22
932,Rutherford Frank O,29/01/2015,,4,0,5,886,12/7/1975,,17
933,Scholes Miroslawa F,1/1/2015,7/17/2020,2,1,3,924,11/1/1981,,16
934,Jackson Gary G,1/1/2015,,6,0,4,922,6/23/1974,,18
935,John Thomas V,1/1/2015,8/20/2023,6,0,4,922,12/31/1976,,18
936,Turner Jayne F,25/04/2015,,8,1,1,860,10/7/1986,,17
937,Murray Francis O,17/02/2016,4/30/2020,1,0,1,929,9/7/1979,,22
938,Gore Diane G,1/1/2015,,7,1,1,891,2/18/1962,,16
939,Johnson Janet I,1/1/2015,,7,1,1,938,3/8/1990,,17
940,Mongan George H,1/1/2015,6/20/2019,4,0,2,886,10/21/1982,,17
941,Bland Jill H,13/03/2017,,4,1,5,940,3/5/1983,,18
942,Dingley Martin S,4/2/2016,,3,0,1,881,8/10/1984,,17
943,Andrews Roger U,7/5/2016,,8,0,4,860,8/2/1976,,17
944,Pryde Tracey Z,1/1/2015,8/5/2017,8,1,5,860,6/18/1969,,17
945,Bland Lesley M,1/1/2015,12/7/2019,5,1,3,897,10/9/1957,,17
946,Wynn Diana V,1/1/2015,,8,1,3,944,2/3/1978,,18
947,Cousins Paul H,26/04/2016,,3,0,3,942,12/2/1971,,18
948,Dingley Christopher J,27/03/2016,,4,0,4,940,5/26/1974,,18
949,MacMillan Roger I,25/03/2016,,6,0,3,922,5/22/1979,,18
950,Nielson Antony U,14/01/2015,7/6/2020,7,0,4,938,3/12/1977,,17
951,Parrett Jane A,28/03/2016,8/20/2020,7,1,5,938,6/14/1974,,17
952,Watt David Q,1/1/2015,,5,0,5,945,6/19/1967,,18
953,Housley Adrian Z,17/06/2017,,3,0,1,942,6/8/1977,,18
954,Woodbridge Jayne S,1/1/2015,8/5/2022,4,1,2,940,1/5/1981,,18
955,Marsden Roy D,23/01/2015,9/15/2017,3,0,3,942,11/24/1984,,18
956,Shute Gary Z,27/04/2015,,6,0,2,922,1/16/1981,,18
957,Kralj James Q,1/1/2015,,9,0,2,908,3/23/1980,,14
958,Watt Jill T,1/4/2015,10/31/2015,2,1,4,924,11/11/1960,,16
959,Murray Leigh V,1/1/2015,9/26/2016,6,0,3,922,3/21/1977,,18
960,Shute Gill N,12/6/2016,9/13/2020,10,1,2,905,4/14/1991,,17
961,Rasul Roger J,7/10/2015,,9,0,2,908,3/25/1969,,14
962,Kralj David C,26/11/2015,5/13/2020,7,0,3,938,2/22/1980,,17
963,Shearer Giulio E,1/1/2015,,9,0,4,908,7/12/1980,,14
964,Sheldrick Thomas L,8/8/2015,,2,0,3,924,6/29/1988,,16
965,Collingwood Sarah K,2/10/2015,3/9/2023,7,1,4,938,5/25/1967,,17
966,Jarvis Bevis W,1/1/2015,,1,0,1,929,8/8/1975,,22
967,Channing Alan K,8/2/2016,,7,0,4,938,11/27/1968,,17
968,Pryde Simon W,20/06/2015,,6,0,3,922,7/20/1979,,18
969,Lewis Janet V,25/07/2015,1/28/2021,6,1,1,968,3/24/1977,,19
970,Parrett Simon F,21/03/2016,,8,0,2,944,1/15/1981,,18
971,Goddard Sonia Q,19/05/2015,,3,1,5,942,10/31/1966,,18
972,Jackson Jeanne Y,1/1/2015,,7,1,3,967,9/15/1967,,18
973,Rasul Julie W,1/1/2015,,10,1,5,905,12/21/1971,,17
974,Ewart Davide I,1/1/2015,,4,0,3,940,11/4/1965,,18
975,Hardy Phyllis A,1/1/2015,5/16/2021,2,1,5,924,2/19/1978,,16
976,Richards Jane W,17/06/2015,3/25/2016,6,1,3,968,6/21/1979,,19
977,Rutherford Matthew R,1/1/2015,3/27/2023,5,0,4,945,8/7/1979,,18
978,Standen Brenda J,16/01/2015,,2,1,1,924,5/17/1957,,16
979,Coppin Roy S,23/05/2015,,8,0,1,944,7/29/1976,,18
980,Rasul Antony U,1/1/2015,,10,0,4,905,4/23/1992,,17
981,Mills Paulin I,9/9/2015,7/31/2023,3,0,1,942,5/10/1975,,18
982,Parke Ian L,22/06/2016,,6,0,5,968,1/25/1971,,19
983,Murray Timothy X,1/1/2015,,4,0,1,940,1/6/1995,,18
984,Gadd Daniel V,1/1/2015,,3,0,3,942,8/7/1965,,18
985,Wilson Venetia C,1/1/2015,9/10/2017,9,1,4,908,12/7/1984,,14
986,Hyslop Christopher T,25/08/2016,,9,0,2,908,4/24/1996,,14
987,Parke Jonathan T,20/04/2015,,6,0,2,968,6/21/1952,,19
988,Dawber Edward F,21/08/2015,4/6/2019,7,0,5,967,4/7/1971,,18
989,Smith Bhavna A,29/01/2015,,7,1,4,967,6/6/1982,,18
990,Wilson Laura L,1/1/2015,,8,1,4,944,1/22/1963,,18
991,Deering Rebecca J,5/4/2015,,6,1,3,968,3/12/1978,,19
992,John Gary A,1/1/2015,,7,0,1,967,1/18/1974,,18
993,Gadd Colette J,11/5/2016,,1,1,5,929,4/4/1971,,22
994,Henry Angela R,1/1/2015,,4,1,5,940,8/15/1981,,18
995,Brant Grace Y,30/10/2015,,9,1,2,986,10/21/1985,,15
996,Standen Bhavna L,19/11/2015,3/29/2019,8,1,4,944,5/15/1978,,18
997,Turner Paulin F,19/12/2015,,4,0,5,994,6/6/1975,,19
998,Johnson Ian O,1/1/2015,,3,0,1,984,8/7/1987,,19
999,Gilroy Emma P,22/01/2016,,10,1,5,905,11/24/1981,,17
1000,MacMillan Rosalie Q,29/04/2015,,3,1,2,984,9/23/1982,,19
1001,Bennett William A,19/05/2015,,9,0,2,986,11/9/1981,,15
1002,Kralj Herbert Q,21/05/2015,,2,0,5,924,4/12/1993,,16
1003,Nielson Adrian L,14/03/2015,,6,0,5,968,7/4/1965,,19
1004,Goddard Andrew D,22/10/2015,,1,0,5,929,6/18/1987,,22
1005,Mongan Brigitte K,7/6/2015,,8,1,5,944,11/10/1966,,18
1006,Webb Josie R,4/3/2015,4/30/2016,4,1,3,994,10/30/1983,,19
1007,Gilroy Gordon P,9/1/2015,12/22/2021,8,0,4,1005,4/1/1940,,19
1008,Murray Lisa E,12/6/2015,,4,1,4,994,6/15/1983,,19
1009,Jackson Christopher D,12/2/2015,11/24/2023,9,0,1,986,8/23/1979,,15
1010,Murray Elizabeth I,16/10/2015,8/31/2023,10,1,4,905,8/26/1962,,17
1011,Bennett Jeanne L,21/05/2015,7/2/2020,3,1,1,984,10/24/1972,,19
1012,Scholes Simon Z,18/06/2015,6/23/2023,6,0,3,1003,5/18/1966,,20
1013,Richardson Raymond T,16/09/2015,,2,0,1,1002,3/21/1980,,17
1014,Marsden Gordon J,6/8/2015,12/20/2021,2,0,3,1002,3/14/1969,,17
1015,Nash Noella J,18/06/2015,,6,1,4,1003,11/12/1960,,20
1016,Lovett Davide M,8/5/2015,,10,0,2,1010,7/17/1982,,18
1017,Mills Adrian E,22/03/2015,,5,0,5,945,11/22/1978,,18
1018,Field Martin E,14/03/2015,,7,0,2,967,6/19/1972,,18
1019,Gibbs Simone K,27/09/2015,6/9/2017,4,1,5,994,8/19/1965,,19
1020,Henry Patricia C,29/07/2015,,8,1,1,1005,2/14/1964,,19
1021,Dawber Eunice P,25/06/2015,9/15/2020,6,1,2,1003,1/26/1974,,20
1022,King Phyllis L,6/4/2015,3/14/2023,6,1,4,1003,9/26/1977,,20
1023,Lewis Yvonne R,26/04/2015,,1,1,4,929,4/18/1968,,22
1024,Deering Hannah O,17/05/2015,11/9/2023,10,1,5,1010,10/7/1985,,18
1025,Lloyd Colin M,10/5/2015,,1,0,2,1023,2/18/1969,,23
1026,Gore Bruno X,9/6/2015,,7,0,2,967,12/22/1975,,18
1027,Webb Lynette Y,16/01/2016,,8,1,1,1005,9/23/1986,,19
1028,Watt Gordon Y,29/11/2015,7/24/2017,10,0,5,1010,10/2/1963,,18
1029,MacMillan Leigh C,28/08/2015,,5,0,3,945,5/30/1974,,18
1030,Ewart Adam C,6/10/2015,,2,0,3,1002,3/7/1964,,17
1031,Mills Daniel S,8/11/2015,7/14/2020,4,0,5,994,12/27/1979,,19
1032,Parkes Edward N,22/05/2015,,9,0,1,986,7/14/1974,,15
1033,Ewart Gill L,1/1/2015,,9,1,4,986,3/2/1960,,15
1034,Standen Jayne S,19/08/2015,,3,1,4,984,4/15/1974,,19
1035,Norman Davide Q,23/03/2015,,6,0,4,1003,5/18/1991,,20
1036,Pooley Kathryn T,28/09/2015,,1,1,3,1023,5/1/1962,,23
1037,Gorton Arthur L,23/08/2015,,8,0,3,1005,4/13/1983,,19
1038,Simpson Leslie D,18/03/2015,,8,0,5,1005,12/17/1994,,19
1039,Brant Rebecca V,31/07/2015,,6,1,5,1003,9/5/1964,,20
1040,Fleet Colette E,1/1/2015,11/18/2017,8,1,1,1005,12/8/1955,,19
1041,Shearer George J,31/05/2015,,2,0,5,1002,4/7/1965,,17
1042,Johnson Jane B,1/1/2015,7/18/2018,6,1,1,1039,6/10/1991,,21
1043,Swart Hannah X,22/08/2015,,3,1,1,984,1/8/1963,,19
1044,Murray Anne J,27/06/2015,,8,1,2,1040,10/31/1985,,20
1045,Shearer Sandra Y,27/04/2015,,7,1,4,1026,10/4/1954,,19
1046,Nash Edward Q,3/7/2015,3/27/2016,1,0,4,1023,4/12/1983,,23
1047,Andrews Dimitrios E,19/06/2015,,10,0,4,1010,2/14/1969,,18
1048,Deering Giulio O,8/10/2015,12/23/2021,5,0,5,945,10/13/1995,,18
1049,Lloyd Gary W,18/07/2015,,4,0,2,994,2/15/1979,,19
1050,Channing Colette Y,1/8/2015,,10,1,5,1010,9/21/1978,,18
1051,Shelley Bevis S,26/10/2015,,9,0,5,986,2/13/1977,,15
1052,Coppin Jonathan L,17/05/2016,4/20/2017,9,0,5,1051,6/7/1976,,16
1053,Bland Tirzah H,22/01/2016,1/8/2018,10,1,1,1010,12/20/1958,,18
1054,Lloyd Jeanne I,13/05/2016,11/9/2022,7,1,5,1026,3/2/1993,,19
1055,Rutherford Antony K,25/02/2016,,8,0,2,1040,12/19/1982,,20
1056,Devlin Dimitrios R,29/07/2016,7/9/2019,6,0,5,1039,4/8/1969,,21
1057,Watt Christopher T,12/9/2016,,6,0,5,1039,4/30/1972,,21
1058,Shute Julie K,2/2/2017,,2,1,4,1002,9/11/1978,,17
1059,Leyland Ian K,1/2/2016,,8,0,3,1040,10/9/1980,,20
1060,Turner Anne I,12/1/2017,,2,1,3,1002,3/11/1971,,17
1061,Polizzi Thomas P,7/4/2016,,5,0,4,945,10/15/1978,,18
1062,Geraghty Helen P,1/12/2016,,3,1,3,984,7/6/1962,,19
1063,Colley Gwendolyn D,24/03/2016,,2,1,2,1060,2/5/1981,,18
1064,MacMillan Diane C,17/03/2016,8/15/2021,6,1,2,1039,7/5/1963,,21
1065,Rawson Sandra G,3/7/2016,,4,1,3,1049,1/30/1990,,20
1066,Woolley Daniel R,19/03/2016,,8,0,3,1040,7/29/1988,,20
1067,Woolley Chi L,25/07/2016,7/29/2022,2,0,2,1060,7/30/1980,,18
1068,Bland Amanda A,20/06/2016,,3,1,5,1062,6/5/1961,,20
1069,Crompton Gwendolyn H,29/02/2016,,3,1,3,1062,11/13/1971,,20
1070,Mills Raymond P,8/6/2016,10/8/2021,5,0,4,1061,6/13/1996,,19
1071,Massie Saleha X,25/03/2016,9/2/2017,9,1,5,1051,5/13/1961,,16
1072,Wynn Kathryn B,2/9/2016,,6,1,5,1039,6/9/1989,,21
1073,Stevenson Philip D,19/10/2016,,7,0,2,1026,8/27/1972,,19
1074,Fleet Herbert A,30/09/2016,,5,0,2,1061,10/18/1968,,19
1075,Green Raymond H,16/06/2016,,10,0,4,1053,10/25/1968,,19
1076,Ranson Eileen P,11/4/2016,1/27/2022,8,1,2,1040,3/26/1973,,20
1077,Murray Gary S,4/8/2016,,1,0,3,1023,11/9/1980,,23
1078,MacMillan Sharmin L,7/3/2016,,1,1,4,1023,10/16/1981,,23
1079,Sheldrick Linda A,22/03/2016,,10,1,3,1053,5/2/1971,,19
1080,Parke Paul J,18/07/2016,,9,0,1,1051,4/3/1973,,16
1081,Watt Adam T,22/06/2016,,7,0,4,1026,9/14/1968,,19
1082,Parrett Rosalie G,8/6/2016,4/16/2020,9,1,2,1051,12/7/1975,,16
1083,Colley Elizabeth O,10/10/2016,,10,1,1,1053,5/26/1966,,19
1084,Jones Christopher F,9/5/2016,6/3/2022,1,0,4,1023,2/24/1978,,23
1085,Collingwood Edward X,15/02/2016,,10,0,5,1053,4/30/1970,,19
1086,Coombs Ann M,4/7/2016,,9,1,1,1051,5/22/1970,,16
1087,Robinson Chi J,25/07/2016,,3,0,3,1062,3/18/1983,,20
1088,Goddard Brigitte B,4/4/2016,,7,1,1,1026,7/27/1957,,19
1089,Smith Nuala M,24/07/2016,,2,1,2,1060,4/26/1968,,18
1090,Richardson Simon Y,27/05/2016,,8,0,1,1040,3/30/1962,,20
1091,Richards Syed M,8/2/2016,,2,0,4,1060,5/21/1974,,18
1092,Pooley Gary I,8/9/2016,,7,0,5,1026,3/14/1961,,19
1093,Walmsley Roger R,21/12/2016,,9,0,5,1051,6/28/1980,,16
1094,Jarvis Adam Y,14/10/2016,,9,0,1,1093,4/19/1990,,17
1095,Standen Giulio C,8/7/2016,10/25/2022,1,0,4,1084,7/16/1976,,24
1096,Roberts Angela G,27/07/2016,,5,1,3,1061,11/5/1983,,19
1097,MacMillan Francis H,20/04/2016,,4,0,1,1049,4/29/1994,,20
1098,Scholes Harry P,11/6/2016,7/2/2021,7,0,5,1092,8/12/1977,,20
1099,Lovett Steven J,16/09/2016,8/14/2017,7,0,5,1092,9/7/1980,,20
1100,Nielson Philip M,27/09/2016,1/14/2019,1,0,4,1084,7/1/1975,,24
1101,Mills Michael I,10/8/2016,,5,0,4,1061,7/16/1993,,19
1102,Webb Phyllis B,16/07/2016,,2,1,3,1060,1/12/1973,,18
1103,Channing Bevis Y,29/03/2016,6/25/2022,8,0,3,1090,2/20/1969,,21
1104,Brant Sarah L,2/3/2016,,6,1,3,1039,7/23/1984,,21
1105,Turner Hannah T,28/10/2016,,10,1,5,1053,9/15/1963,,19
1106,Woolley Venetia Z,23/09/2017,,1,1,2,1084,10/2/1971,,24
1107,Housley Kay L,25/09/2017,,10,1,1,1053,3/7/1993,,19
1108,Sheldrick Darren N,13/03/2017,,1,0,1,1084,1/2/1973,,24
1109,Roberts John E,15/02/2017,,10,0,4,1107,9/7/1993,,20
1110,Dingley James S,4/10/2017,,7,0,3,1092,4/7/1975,,20
1111,Gilroy Graham X,19/04/2017,,8,0,1,1090,2/6/1985,,21
1112,Rasul Angela T,4/4/2017,,2,1,3,1060,1/21/1980,,18
1113,Stevenson Jeanne Z,4/4/2017,,6,1,3,1104,10/31/1979,,22
1114,Bennett Saleha S,26/06/2017,,8,1,4,1090,4/2/1963,,21
1115,Norman Andree P,1/11/2017,,1,1,3,1084,10/3/1972,,24
1116,Wynn Herbert R,8/7/2017,5/13/2020,5,0,3,1061,4/12/1992,,19
1117,Devlin Gillian X,24/04/2017,,9,1,3,1093,7/4/1983,,17
1118,Bennett Gary S,26/10/2017,4/6/2019,7,0,2,1092,7/15/1974,,20
1119,Massie Mark Y,9/7/2017,6/13/2021,7,0,5,1092,1/22/1996,,20
1120,Brant Andrew K,20/05/2017,10/29/2019,1,0,2,1084,11/13/1969,,24
1121,Goddard Catherine V,10/6/2017,,8,1,3,1090,11/4/1964,,21
1122,Morris Leigh X,24/01/2017,,7,0,1,1092,6/17/1982,,20
1123,Parrett Giulio E,21/05/2017,,6,0,2,1104,7/3/1955,,22
1124,Mistry Nuala I,22/09/2017,,6,1,1,1104,6/13/1973,,22
1125,Devlin Catherine M,19/09/2017,,9,1,2,1093,2/24/1959,,17
1126,Robinson Chi I,4/7/2017,,7,0,2,1122,9/27/1971,,21
1127,Bland Gill M,13/02/2017,,2,1,2,1112,2/5/1979,,19
1128,Sheldrick Tirzah N,23/03/2017,,1,1,5,1120,7/9/1978,,25
1129,Wynn David V,7/7/2017,,4,0,5,1049,11/10/1965,,20
1130,Henry Adele Z,11/11/2017,,9,1,3,1093,9/11/1984,,17
1131,Wynn Eileen G,7/5/2017,,5,1,1,1061,3/18/1960,,19
1132,John Martin E,17/11/2016,4/9/2022,8,0,1,1090,1/29/1975,,21
1133,Bennett Jean L,15/11/2017,,2,1,3,1112,3/29/1971,,19
1134,Smith Amanda T,8/5/2017,,4,1,2,1049,9/1/1966,,20
1135,Dingley Gillian T,1/8/2017,,3,1,1,1062,8/18/1981,,20
1136,Smith Christopher I,24/11/2017,,6,0,3,1104,12/16/1986,,22
1137,Choi Sharmin D,27/04/2017,,8,1,1,1090,4/9/1986,,21
1138,Jackson Selina X,27/08/2017,,3,1,3,1062,10/21/1956,,20
1139,Deering Maureen Q,6/8/2017,10/28/2018,6,1,2,1104,8/23/1974,,22
1140,Collingwood Amanda W,24/07/2017,,10,1,2,1107,1/27/1968,,20
1141,Turner Ian X,9/5/2017,,10,0,2,1107,7/7/1968,,20
1142,Walmsley Gary O,2/8/2017,,9,0,2,1093,5/8/1991,,17
1143,Wright Antony I,21/07/2017,,4,0,1,1049,4/27/1956,,20
1144,Leyland Eunice S,30/05/2017,6/23/2019,3,1,4,1062,9/17/1963,,20
1145,Cousins Angela E,19/07/2017,7/30/2023,4,1,5,1049,2/16/1977,,20
1146,Pryde Paulin Q,14/08/2017,,7,0,1,1122,7/15/1951,,21
1147,Crompton Sarah C,23/07/2017,,9,1,2,1093,8/12/1978,,17
1148,Mistry Gabriele J,13/04/2017,5/12/2022,10,1,1,1107,6/14/1964,,20
1149,Gadd Dimitrios Z,30/07/2017,7/15/2019,8,0,1,1137,2/2/1978,,22
1150,Field Clare Y,23/06/2017,,1,1,5,1120,4/16/1956,,25
1151,Richards William J,24/08/2017,,3,0,4,1144,1/3/1993,,21
1152,Richardson Davide T,6/9/2017,,8,0,4,1137,10/19/1967,,22
1153,Choi Chi D,4/7/2017,2/24/2021,5,0,5,1131,10/6/1976,,20
1154,Kenney Timothy G,14/02/2017,,2,0,4,1112,9/25/1969,,19
1155,Jackson Andree W,16/10/2017,,2,1,3,1112,5/5/1978,,19
1156,Barrett Edward V,10/6/2017,7/7/2019,9,0,3,1147,2/8/1987,,18
1157,Pryde Martin I,31/07/2017,8/8/2022,1,0,2,1120,2/16/1973,,25
1158,Hyslop Elisabeth V,26/08/2017,,7,1,1,1122,11/2/1977,,21
1159,Crompton Gordon R,26/06/2017,10/22/2019,4,0,2,1145,10/2/1968,,21
1160,Shelley Colin A,30/07/2017,,3,0,2,1144,11/8/1985,,21
1161,Pryde Douglas Q,27/08/2017,,6,0,3,1104,9/1/1997,,22
1162,Bland Gwendolyn R,3/6/2018,,2,1,4,1112,8/24/1966,,19
1163,Andrews Adrian X,13/05/2018,,6,0,4,1161,12/24/1980,,23
1164,Lovett Miroslawa O,14/08/2018,5/30/2023,10,1,4,1107,4/23/1981,,20
1165,Field Alan O,20/02/2019,7/13/2021,6,0,4,1161,6/9/1987,,23
1166,Richards Adele D,9/6/2018,,6,1,4,1161,5/31/1990,,23
1167,Mongan Joseph X,7/5/2018,,4,0,1,1145,4/26/1971,,21
1168,Parkes George K,7/9/2018,11/16/2018,1,0,1,1120,1/7/1989,,25
1169,Pryde Angela Y,16/06/2018,,5,1,2,1131,12/20/1972,,20
1170,Murray Laura I,10/8/2018,,4,1,2,1145,12/9/1984,,21
1171,Parke Gillian G,22/09/2018,,6,1,1,1161,2/14/1976,,23
1172,Polizzi Joanne N,13/07/2018,,3,1,1,1144,7/24/1966,,21
1173,Powell Bhavna P,7/7/2018,9/15/2019,3,1,5,1144,8/28/1961,,21
1174,Parrett Herbert T,24/02/2018,,3,0,5,1144,7/21/1981,,21
1175,Parke Graham I,7/7/2018,,2,0,4,1112,3/8/1978,,19
1176,John Katie J,23/07/2018,10/4/2018,5,1,1,1131,3/4/1981,,20
1177,Lovett Ian V,28/04/2018,,6,0,2,1161,1/2/1983,,23
1178,Gadd Frank U,2/3/2018,,9,0,1,1147,3/31/1986,,18
1179,Crompton Martin O,27/10/2018,,8,0,3,1137,1/14/1971,,22
1180,Gadd Sharmin Q,6/2/2018,,1,1,2,1120,2/11/1998,,25
1181,Jones Gordon Q,10/6/2018,,3,0,3,1144,6/24/1968,,21
1182,Hulme Rosalie W,15/07/2018,,8,1,5,1137,12/19/1968,,22
1183,Mills Julie B,25/05/2018,1/5/2023,10,1,3,1107,10/16/1956,,20
1184,Gadd Andree N,11/7/2018,,8,1,3,1137,5/13/1978,,22
1185,Barrett Lesley U,3/6/2018,,8,1,2,1137,7/4/1974,,22
1186,Parrett Kevin N,11/9/2018,,5,0,5,1131,7/5/1970,,20
1187,Crompton William L,5/6/2018,,2,0,1,1175,6/17/1983,,20
1188,Gilroy Anna U,9/6/2018,,3,1,2,1181,1/16/1974,,22
1189,Standen Dimitrios J,20/09/2018,,4,0,2,1145,1/26/1987,,21
1190,Johnson Hannah S,4/9/2018,,1,1,3,1120,2/20/1987,,25
1191,Field Anastasia A,14/04/2018,,8,1,1,1185,12/18/1974,,23
1192,Mills Yvonne L,5/1/2018,,2,1,1,1175,5/28/1970,,20
1193,Goddard Karen N,5/10/2018,,4,1,1,1145,5/29/1987,,21
1194,Pryde Paulin S,6/9/2018,5/4/2022,9,0,5,1147,12/12/1979,,18
1195,Norman Russell B,5/5/2018,,3,0,5,1181,3/15/1982,,22
1196,Crompton Leigh M,14/07/2018,,6,0,5,1161,9/15/1973,,23
1197,Jarvis Judy I,17/06/2018,,2,1,1,1175,10/9/1983,,20
1198,Ewart Diane W,31/03/2018,4/4/2019,2,1,2,1175,10/25/1970,,20
1199,Murray Anna K,19/06/2018,,1,1,3,1190,1/9/1961,,26
1200,Lloyd Kay Y,11/10/2018,,7,1,5,1122,5/19/1972,,21
1201,Powell Diane F,20/11/2018,,2,1,2,1175,5/1/1976,,20
1202,Rawson Amanda V,31/05/2018,,6,1,5,1196,2/15/1979,,24
1203,McCarthy Venetia L,3/4/2018,,8,1,5,1185,5/29/1981,,23
1204,Nash Iris T,2/5/2018,,7,1,2,1122,4/29/1979,,21
1205,Field Jeanne D,22/07/2018,,1,1,2,1190,7/10/1981,,26
1206,Bland Joanna R,16/07/2018,,3,1,5,1181,7/21/1998,,22
1207,Wright Irene I,31/10/2017,1/22/2022,9,1,1,1147,1/25/1967,,18
1208,Hulme Herbert M,1/5/2018,,10,0,4,1183,8/3/1971,,21
1209,Seabrook Patricia Q,7/5/2018,6/28/2022,7,1,2,1122,12/7/1960,,21
1210,Lovett Francis B,5/6/2018,,8,0,1,1185,12/12/1977,,23
1211,Hyslop Brigitte I,25/05/2018,4/28/2022,9,1,2,1147,4/4/1974,,18
1212,Smith Olu J,23/04/2018,,6,0,2,1196,6/29/1969,,24
1213,Parrett Mark P,25/05/2018,,8,0,2,1185,10/13/1977,,23
1214,Gadd Chi P,17/09/2018,7/1/2023,3,0,1,1181,9/20/1974,,22
1215,Colley Iris W,7/9/2018,5/20/2019,2,1,2,1175,4/28/1967,,20
1216,Woolley Laura D,2/2/2018,,4,1,5,1145,8/2/1977,,21
1217,Lovett Peter H,21/09/2018,,4,0,1,1216,11/3/1982,,22
1218,Walmsley Catherine Y,16/12/2017,10/29/2022,4,1,3,1216,1/27/1992,,22
1219,Gore Roy S,27/09/2018,,8,0,2,1185,2/7/1973,,23
1220,Green Jonathan X,20/07/2018,12/25/2023,3,0,1,1181,2/26/1982,,22
1221,Colley Selina R,3/8/2019,,9,1,3,1147,9/23/1974,,18
1222,Norman Bruno T,20/09/2019,,4,0,1,1216,12/15/1977,,22
1223,Pryde Ann V,1/5/2019,,3,1,1,1181,8/16/1960,,22
1224,Swart Ripduman M,11/7/2019,,6,1,1,1196,7/24/1976,,24
1225,Hardy Anastasia Q,12/1/2020,,10,1,3,1183,2/4/1968,,21
1226,Wilson Nicola W,3/4/2019,,5,1,3,1131,11/23/1991,,20
1227,Barrett Karen W,18/05/2019,,4,1,3,1216,8/22/1982,,22
1228,Coombs Rosalie H,21/07/2019,5/18/2023,6,1,1,1196,8/13/1983,,24
1229,MacMillan Colin V,2/9/2019,,1,0,4,1190,9/15/1995,,26
1230,McCarthy Adele O,27/09/2019,,4,1,3,1216,6/15/1975,,22
1231,Dawber George Z,25/07/2019,,2,0,4,1215,10/9/1972,,21
1232,Parrett Roy G,15/08/2019,3/13/2023,10,0,4,1183,1/23/1996,,21
1233,Walmsley Morag M,26/06/2019,7/6/2021,10,1,2,1183,11/29/1975,,21
1234,Shute Kathryn G,22/06/2019,,9,1,1,1221,3/13/1969,,19
1235,Wilson Iris X,15/10/2019,11/16/2021,10,1,1,1183,11/4/1965,,21
1236,Bennett Diane B,31/08/2019,,5,1,2,1131,3/31/1989,,20
1237,Mistry Bruno S,2/5/2019,1/10/2023,3,0,4,1223,12/18/1974,,23
1238,Collingwood Shane I,27/08/2019,,10,0,4,1183,7/30/1989,,21
1239,Devlin James E,29/04/2019,,2,0,5,1215,5/15/1984,,21
1240,Brant Julie Q,19/06/2019,,4,1,4,1216,3/9/1986,,22
1241,Gorton Edward T,15/03/2019,,3,0,5,1223,10/29/1971,,23
1242,Marsden Jill G,6/11/2019,11/5/2022,9,1,2,1221,9/10/1991,,19
1243,Murray Alison T,21/07/2019,,8,1,4,1185,12/8/1982,,23
1244,Seabrook Sally W,28/05/2019,12/25/2019,5,1,1,1236,5/25/1965,,21
1245,Woolley Eunice T,9/7/2019,3/23/2022,7,1,5,1209,4/13/1964,,22
1246,Shelley Christopher Z,12/7/2019,,9,0,3,1221,7/1/1994,,19
1247,Lovett Nicholas U,2/5/2019,,6,0,2,1196,12/9/1973,,24
1248,Parkes Leigh R,12/5/2019,7/18/2022,8,0,1,1243,6/29/1977,,24
1249,Fleet Kathleen R,6/5/2019,,5,1,3,1236,5/25/1996,,21
1250,Andrews Rebecca K,17/06/2019,,4,1,1,1240,5/2/1972,,23
1251,Geraghty Clare R,30/11/2019,,9,1,2,1221,11/6/1960,,19
1252,Powell Leonard C,19/11/2019,,6,0,3,1196,9/9/1969,,24
1253,Andrews Colette M,25/05/2019,,6,1,4,1252,5/1/1991,,25
1254,Field Bevis J,9/11/2019,,4,0,5,1240,9/20/1974,,23
1255,Gore Jill I,17/11/2019,,8,1,3,1243,10/29/1979,,24
1256,Gore Colette V,18/08/2019,,2,1,3,1215,5/7/1971,,21
1257,Simpson Sarah N,8/6/2019,,5,1,1,1236,7/24/1983,,21
1258,Barrett Frank V,19/05/2019,,9,0,4,1221,8/8/1988,,19
1259,Green Davide T,14/06/2019,,4,0,5,1240,10/26/1973,,23
1260,Webb Robert C,22/09/2019,,4,0,1,1240,4/15/1968,,23
1261,Bland Sylvia F,24/04/2019,,9,1,1,1221,9/23/1969,,19
1262,Barrett Kathleen Z,8/8/2019,,7,1,1,1209,8/16/1989,,22
1263,Norman Jane W,12/5/2019,,6,1,1,1252,7/4/1986,,25
1264,MacMillan Simon L,19/08/2019,,2,0,1,1215,9/23/1976,,21
1265,Dingley Nishma Z,11/7/2019,,8,1,1,1243,12/8/1989,,24
1266,John Frank B,25/08/2019,,5,0,4,1236,11/26/1970,,21
1267,Webb Jill M,19/11/2019,,9,1,5,1261,12/14/1970,,20
1268,Jackson Peter B,19/07/2019,,5,0,2,1236,6/11/1992,,21
1269,Andrews Colette L,22/02/2019,,3,1,5,1223,8/3/1977,,23
1270,Wynn Jill E,21/04/2019,,10,1,1,1238,9/18/1968,,22
1271,Crompton Christopher O,6/7/2019,,6,0,2,1252,6/1/1964,,25
1272,Fleet Nazma G,19/05/2019,12/24/2023,1,1,2,1190,10/19/1989,,26
1273,Lewis Alan T,21/09/2019,,6,0,5,1252,8/31/1994,,25
1274,Mongan Sarah J,3/5/2019,,9,1,2,1261,8/2/1975,,20
1275,Mead Antony Z,26/05/2019,,5,0,5,1236,11/24/1986,,21
1276,Robinson John F,13/07/2019,,5,0,5,1275,2/18/1985,,22
1277,Webb Iris I,25/07/2019,,3,1,2,1223,12/7/1989,,23
1278,Gibbs Nishma Y,31/03/2019,,1,1,4,1190,8/9/1955,,26
1279,Henry Joanne D,10/7/2019,5/19/2023,8,1,1,1243,12/19/1976,,24
1280,Barrett Gordon W,20/02/2019,,8,0,4,1243,8/31/1980,,24
1281,Shute Arthur V,1/11/2019,,2,0,5,1215,12/29/1984,,21
1282,Ewart Helen F,28/05/2019,,2,1,5,1215,5/10/1973,,21
1283,Devlin Angela Y,5/1/2021,,6,1,4,1252,11/13/1991,,25
1284,Leyland Paul J,28/05/2020,1/30/2023,10,0,4,1238,5/30/1983,,22
1285,King Elsie G,11/10/2020,,2,1,2,1282,3/24/1986,,22
1286,Richards Samantha F,16/08/2020,,7,1,3,1209,12/23/1995,,22
1287,Devlin Chi J,20/06/2020,,2,0,4,1282,4/26/1974,,22
1288,Shearer Harry H,5/7/2020,,2,0,5,1282,11/25/1963,,22
1289,Robinson Colin J,23/07/2020,6/18/2021,9,0,2,1261,12/18/1989,,20
1290,MacMillan Eileen X,18/10/2020,3/11/2022,3,1,4,1223,4/22/1977,,23
1291,Channing David S,10/3/2020,,9,0,4,1261,11/17/1980,,20
1292,Scholes Raymond P,30/05/2020,2/24/2021,4,0,2,1240,3/28/1955,,23
1293,Dawber Elizabeth J,25/08/2020,,8,1,3,1243,11/27/1996,,24
1294,Swart Darren M,22/04/2020,7/1/2020,2,0,4,1282,10/6/1983,,22
1295,Murray Maureen Q,25/02/2020,12/21/2023,9,1,2,1261,9/17/1971,,20
1296,Goddard Clare L,29/08/2020,,5,1,3,1275,6/17/1995,,22
1297,Massie Adam V,24/04/2020,,1,0,1,1190,9/5/1977,,26
1298,Stevenson Timothy Z,21/07/2020,10/5/2021,6,0,2,1252,7/26/2000,,25
1299,Gadd George A,20/06/2020,7/11/2022,7,0,1,1209,5/18/1983,,22
1300,Murray Jeanne N,19/04/2020,,3,1,2,1223,3/6/1967,,23
1301,Jackson Bevis X,7/6/2020,11/26/2021,1,0,1,1297,6/19/1984,,27
1302,Woolley Gillian F,21/08/2020,,2,1,1,1282,11/2/1980,,22
1303,Polizzi Peter K,14/06/2020,1/27/2022,4,0,3,1240,1/1/1973,,23
1304,Gore Leigh P,22/09/2020,,1,0,2,1297,3/19/1978,,27
1305,Pryde Leonard R,23/04/2020,,10,0,2,1238,12/16/1976,,22
1306,Johnson Elisabeth U,26/07/2020,,1,1,2,1297,7/31/2000,,27
1307,Scholes Jean L,20/08/2020,,5,1,4,1275,4/18/1973,,22
1308,Richards Arthur A,15/05/2020,,10,0,2,1238,7/17/1978,,22
1309,Jones Emma X,22/10/2020,,5,1,5,1275,2/24/1982,,22
1310,Parkes Sarah M,23/05/2020,6/10/2021,8,1,2,1293,9/30/1970,,25
1311,Pryde Catherine T,24/04/2020,,10,1,2,1238,1/14/1978,,22
1312,McCarthy Joseph Y,28/05/2020,,5,0,1,1275,6/19/1986,,22
1313,Richards Angela W,22/07/2020,,2,1,5,1282,9/23/1967,,22
1314,Ewart Phyllis W,24/12/2020,,1,1,3,1297,2/28/1969,,27
1315,Powell Jill X,21/12/2019,,4,1,3,1303,4/28/1973,,24
1316,Nielson Patricia L,18/05/2020,,10,1,5,1238,3/23/1977,,22
1317,Dingley Katie O,17/07/2020,,4,1,4,1303,7/29/1980,,24
1318,Leyland Robert F,6/10/2020,,10,0,4,1316,4/25/1995,,23
1319,MacMillan Timothy T,7/6/2020,3/22/2021,5,0,5,1275,8/6/1975,,22
1320,Andrews Nazma B,16/12/2020,,5,1,4,1319,2/3/1988,,23
1321,Kenney Douglas F,13/06/2020,7/27/2022,7,0,4,1209,3/16/1990,,22
1322,Collingwood Leigh O,1/3/2020,,1,0,2,1297,1/30/1983,,27
1323,Webb Ian A,16/06/2020,,7,0,3,1209,7/27/1989,,22
1324,Norman Colin K,12/8/2020,,4,0,5,1303,4/2/1984,,24
1325,Primrose Julie U,30/07/2020,,8,1,2,1293,4/6/1953,,25
1326,John Catherine A,20/04/2020,,6,1,2,1298,3/27/1975,,26
1327,Dawber Jayne C,15/07/2020,,4,1,4,1303,3/17/1981,,24
1328,Jones Ripduman K,7/9/2020,,2,1,2,1313,12/15/1978,,23
1329,Haigh Miroslawa B,1/6/2020,5/24/2023,3,1,1,1300,6/3/1972,,24
1330,Channing Morag M,5/5/2020,,5,1,3,1319,5/19/1984,,23
1331,Jackson Bruno Y,7/7/2020,,1,0,3,1297,4/13/1990,,27
1332,Pooley Ann E,12/3/2020,,6,1,5,1298,1/22/1987,,26
1333,Lloyd Tirzah S,16/07/2020,,6,1,4,1298,12/11/1985,,26
1334,Gilroy Rajesh L,15/12/2020,,5,0,5,1319,7/9/1981,,23
1335,Sheldrick Elsie O,13/07/2020,,8,1,1,1293,2/2/1970,,25
1336,Ranson Colette V,22/11/2020,,5,1,4,1319,10/27/1973,,23
1337,Housley Christopher S,10/4/2020,,1,0,5,1331,3/10/1987,,28
1338,Pryde Leslie A,19/04/2020,,7,0,2,1323,1/4/1992,,23
1339,Webb Irene M,9/9/2020,4/21/2023,7,1,1,1323,1/22/1980,,23
1340,Powell Carol B,15/02/2020,,8,1,2,1293,11/12/1981,,25
1341,Gadd Gwendolyn C,27/08/2020,,3,1,1,1300,12/8/1992,,24
1342,Gorton Katie N,20/09/2020,,9,1,3,1261,9/25/2000,,20
1343,Pryde Diane M,1/11/2020,,5,1,2,1319,6/23/1975,,23
1344,Powell Chi C,19/03/2020,,1,0,2,1331,8/23/1987,,28
1345,Gilroy Michael V,4/4/2020,,7,0,2,1323,4/24/1977,,23
1346,Rasul Bruno V,1/7/2020,,6,0,3,1298,10/7/1991,,26
1347,Hyslop Lisa V,28/03/2020,,3,1,2,1300,9/10/1984,,24
1348,Coombs Elsie B,8/5/2021,,2,1,5,1313,10/17/1988,,23
1349,Coppin Roger A,16/09/2021,,4,0,5,1303,9/21/2001,,24
1350,Murray Helen J,19/03/2021,,3,1,5,1300,4/4/1992,,24
1351,Hyslop Giulio I,29/05/2021,,10,0,4,1316,12/26/1983,,23
1352,Hardy Alan I,22/11/2020,,3,0,1,1300,1/15/1972,,24
1353,Cousins Adele E,23/08/2021,,4,1,5,1303,9/27/1994,,24
1354,McCarthy Harry G,24/03/2021,,6,0,1,1298,8/16/1985,,26
1355,MacMillan Lisa B,4/7/2021,,5,1,3,1319,11/6/1984,,23
1356,Kenney Paul I,30/04/2021,,9,0,3,1342,3/6/1978,,21
1357,Lovett Emma D,4/5/2021,6/15/2023,8,1,3,1293,3/11/1965,,25
1358,Rasul Douglas O,30/05/2021,,8,0,2,1293,2/18/1980,,25
1359,Jackson Martin C,25/05/2021,,2,0,4,1313,1/12/1987,,23
1360,Jones Bhavna O,5/9/2021,7/24/2023,1,1,3,1331,10/11/1987,,28
1361,Smith Karen V,23/09/2021,,7,1,4,1323,3/13/1982,,23
1362,Parke Alan A,21/12/2021,,6,0,4,1298,11/23/1975,,26
1363,Woolley Anna N,1/5/2021,,8,1,1,1358,8/25/1976,,26
1364,Mistry Jill R,29/08/2021,,10,1,1,1316,1/13/1974,,23
1365,Field Elisabeth L,19/11/2021,,7,1,4,1323,10/1/1976,,23
1366,Bennett Joanna T,10/8/2021,,5,1,3,1355,5/25/1989,,24
1367,Rawson Adrian V,1/7/2021,,9,0,3,1342,9/26/1989,,21
1368,Polizzi Morag E,1/8/2021,,4,1,5,1353,8/13/1973,,25
1369,Ranson Sandra W,7/7/2021,4/2/2022,2,1,1,1313,8/20/1976,,23
1370,Ewart Gary O,5/5/2021,,3,0,4,1300,9/9/1969,,24
1371,Mongan Brigitte J,4/8/2021,,8,1,1,1358,7/27/2000,,26
1372,Mistry Maureen A,15/05/2021,,4,1,5,1353,11/28/1980,,25
1373,Gadd Christopher M,28/06/2021,,6,0,5,1362,7/27/1983,,27
1374,Hyslop Diana B,19/05/2021,,1,1,4,1331,8/22/1968,,28
1375,Jones Joseph F,11/4/2021,,5,0,4,1355,9/19/1961,,24
1376,Turner Samantha O,23/05/2021,,5,1,4,1355,4/9/1982,,24
1377,Ranson Harry W,22/06/2021,5/6/2022,2,0,4,1313,10/12/1988,,23
1378,Marsden Joseph N,10/4/2021,,8,0,2,1358,5/16/1984,,26
1379,Scholes Nuala D,25/06/2021,,7,1,3,1323,9/10/1983,,23
1380,Turner Bruno X,19/08/2021,,3,0,2,1370,3/31/1971,,25
1381,Colley Rebecca E,22/10/2021,,9,1,2,1342,5/20/1993,,21
1382,Hulme Julie Q,19/04/2021,,4,1,5,1353,5/5/1977,,25
1383,Sheldrick Miroslawa Z,17/11/2021,,9,1,4,1342,1/23/1969,,21
1384,Fleet Sandra I,23/07/2021,,7,1,3,1379,12/31/1971,,24
1385,Gilroy Carmel I,22/05/2021,,3,1,5,1370,10/16/1974,,25
1386,Massie Andrew L,2/5/2021,,1,0,3,1331,6/20/1984,,28
1387,Hulme John D,17/06/2021,,10,0,3,1316,9/24/1979,,23
1388,Cousins Steven B,7/7/2021,,5,0,4,1355,11/6/1982,,24
1389,Johnson Francis Z,17/12/2021,,9,0,3,1342,12/19/1990,,21
1390,Collingwood Alan C,6/6/2021,,6,0,3,1362,6/26/1985,,27
1391,Hulme Jane L,14/12/2020,,7,1,4,1379,1/16/1987,,24
1392,Richards Miroslawa D,15/08/2021,,6,1,5,1362,12/29/1985,,27
1393,Mills Frances E,14/06/2021,,10,1,5,1316,4/25/1982,,23
1394,Hardy Adam B,6/11/2021,,1,0,4,1331,9/26/1996,,28
1395,Parkes Darren C,20/08/2021,,5,0,5,1355,6/28/1982,,24
1396,Gilroy Nuala U,21/07/2021,,9,1,5,1342,9/12/1991,,21
1397,Jackson Jean R,29/09/2021,,5,1,2,1355,3/8/1972,,24
1398,Mistry Jeanne E,15/07/2021,,3,1,1,1370,4/27/1993,,25
1399,Scholes Kathryn B,5/10/2021,,1,1,2,1394,11/7/1970,,29
1400,Nash Olu X,17/10/2021,,10,0,2,1316,12/31/1971,,23
1401,Devlin Roger H,14/03/2021,,8,0,5,1358,9/23/1974,,26
1402,Nash Richard V,18/11/2020,,1,0,1,1394,8/14/1989,,29
1403,Gorton Sarah M,9/6/2021,,4,1,4,1353,9/27/1972,,25
1404,Hulme Adam Q,28/06/2021,12/13/2023,4,0,3,1353,9/15/1981,,25
1405,Gilroy Alan R,27/06/2021,,4,0,3,1353,7/14/1977,,25
1406,Collingwood Anne B,13/07/2021,,4,1,4,1405,5/29/1966,,26
1407,Webb Gill S,2/8/2021,,2,1,1,1313,4/27/1983,,23
1408,Pryde David O,12/12/2021,,10,0,5,1400,10/28/1992,,24
1409,Lewis Jeanne B,22/05/2021,,3,1,1,1370,8/23/1980,,25
1410,Goddard Frank M,20/04/2021,,3,0,3,1370,6/11/1980,,25
1411,Morris Antony C,5/3/2021,,6,0,4,1362,5/16/1980,,27
1412,Woolley Gwendolyn S,27/02/2021,,8,1,1,1358,8/15/1991,,26
1413,Walmsley Lynette Q,14/04/2021,,2,1,5,1407,11/11/1993,,24
1414,Wilson Liam Y,27/09/2021,,1,0,5,1394,5/30/1999,,29
1415,Andrews Joanne N,21/08/2021,,4,1,2,1405,4/24/1989,,26
1416,Dawber Rebecca I,26/08/2022,,7,1,2,1379,12/6/1983,,24
1417,Cousins George U,9/3/2022,5/25/2023,10,0,1,1400,6/21/1969,,24
1418,Rutherford Stuart Q,7/8/2022,,9,0,2,1396,4/19/1984,,22
1419,Choi Margaret Q,15/05/2022,,9,1,4,1396,4/15/1987,,22
1420,Rasul Leigh H,14/04/2023,,8,0,5,1358,9/10/1983,,26
1421,Gore Yvonne X,4/3/2022,,9,1,4,1396,1/17/1959,,22
1422,Richardson Alison O,4/1/2022,,9,1,1,1396,8/26/1982,,22
1423,Ewart Andree B,31/03/2022,,9,1,3,1396,4/15/1983,,22
1424,Simpson Brigitte I,4/7/2022,,6,1,3,1362,5/9/1969,,27
1425,Ranson Dimitrios F,9/1/2022,,6,0,2,1362,6/23/1981,,27
1426,Sheldrick Jeanne B,24/05/2022,,5,1,1,1397,8/11/1988,,25
1427,Woodbridge Josie B,15/12/2021,3/2/2023,9,1,5,1396,2/14/1998,,22
1428,Pryde Adele G,15/03/2022,,1,1,5,1394,3/19/2000,,29
1429,Sheldrick Amanda A,29/07/2022,,9,1,5,1427,4/26/1962,,23
1430,Bennett Sally R,29/05/2022,,6,1,5,1425,3/19/1980,,28
1431,Coppin Raymond C,21/04/2022,,6,0,1,1425,9/13/1971,,28
1432,Polizzi Douglas F,3/8/2022,,2,0,2,1407,10/7/1997,,24
1433,Brant Gill B,7/9/2022,,5,1,5,1397,7/15/1991,,25
1434,Parrett Gordon H,31/07/2022,,4,0,1,1405,4/27/1964,,26
1435,Pooley Samantha E,28/03/2022,,4,1,4,1405,11/16/1984,,26
1436,Polizzi Iris R,8/3/2022,,4,1,3,1405,3/13/2002,,26
1437,Devlin Richard G,22/02/2022,,7,0,2,1379,1/1/1995,,24
1438,Ranson Kay M,1/5/2022,4/29/2023,6,1,3,1425,12/25/1981,,28
1439,Jackson Rosalie W,12/10/2022,,9,1,4,1427,3/5/1995,,23
1440,Marsden Lynnette H,25/12/2022,,5,1,1,1397,6/7/1985,,25
1441,Shute Venetia M,26/07/2022,,4,1,5,1405,2/4/1988,,26
1442,Ranson Harry E,22/09/2022,,3,0,1,1370,8/22/1982,,25
1443,Housley Antony D,6/3/2022,,6,0,1,1425,12/18/1989,,28
1444,Gorton Carmel F,10/10/2022,,3,1,5,1442,3/22/1975,,26
1445,Lewis Robert A,3/2/2022,,10,0,5,1400,3/14/1989,,24
1446,Murray Kevin I,23/08/2022,,2,0,1,1407,8/20/1977,,24
1447,Wynn Daniel U,14/05/2022,,8,0,5,1420,1/22/1985,,27
1448,Nash Leonard M,30/05/2022,,4,0,5,1441,1/28/1973,,27
1449,Coombs Gabriele Q,11/10/2022,,10,1,3,1400,1/30/1987,,24
1450,Bland Christopher H,17/07/2022,,6,0,5,1425,1/1/1985,,28
1451,Gore Chi X,14/04/2022,,10,0,4,1400,8/16/1993,,24
1452,Ewart Rebecca T,14/03/2022,,4,1,3,1441,12/23/1984,,27
1453,Watt Darren N,6/1/2023,2/20/2023,10,0,5,1400,5/5/1979,,24
1454,Stevenson Bevis Y,9/12/2022,,4,0,2,1441,9/12/1986,,27
1455,Wright Arthur T,1/6/2022,,2,0,1,1407,8/21/1970,,24
1456,Gibbs Andrew K,17/04/2022,,2,0,4,1407,8/10/1992,,24
1457,Pooley Gabriele B,20/06/2022,,9,1,3,1427,3/12/1984,,23
1458,Stevenson Bevis N,17/06/2022,,1,0,3,1394,10/4/1989,,29
1459,Massie Leigh T,27/04/2022,,9,0,1,1427,5/19/1963,,23
1460,Smith Gwendolyn S,8/9/2022,,1,1,1,1394,2/1/1997,,29
1461,Kenney Jill B,30/07/2022,,9,1,3,1427,8/5/1984,,23
1462,Powell Tracey E,6/9/2022,,3,1,4,1442,8/4/2001,,26
1463,Rutherford Antony U,6/4/2022,,5,0,5,1397,2/16/1990,,25
1464,Parkes Helen G,19/10/2022,,3,1,2,1442,8/3/1979,,26
1465,Ranson George G,30/05/2022,,6,0,4,1425,9/19/1973,,28
1466,Brant Colin L,3/6/2022,,7,0,2,1379,10/5/1994,,24
1467,Henry Gordon U,12/12/2022,,3,0,2,1442,7/10/1987,,26
1468,Marsden Ripduman T,22/07/2022,,10,1,2,1453,10/4/1976,,25
1469,Scholes Edward U,22/07/2022,,4,0,2,1441,10/6/2000,,27
1470,King Alan I,16/03/2022,,5,0,3,1397,3/22/1999,,25
1471,Seabrook Kathleen N,25/06/2022,,6,1,1,1465,10/27/2000,,29
1472,Shelley Sharmin A,22/05/2022,,3,1,4,1442,6/23/1984,,26
1473,Gadd Arthur G,1/4/2022,,10,0,5,1453,8/29/1987,,25
1474,Mistry Hannah A,24/04/2022,,1,1,2,1460,12/31/1990,,30
1475,Nielson Christopher O,16/07/2022,,4,0,4,1441,7/21/2002,,27
1476,Seabrook Karen C,8/7/2022,,5,1,5,1397,4/25/1985,,25
1477,Mills Colin X,13/09/2022,,3,0,4,1442,12/24/1973,,26
1478,McCarthy Adrian S,21/07/2022,,7,0,2,1379,6/12/2002,,24
1479,Standen Grace Q,8/5/2022,,2,1,5,1407,8/19/1983,,24
1480,Brant Gabriele A,22/06/2022,,10,1,3,1453,7/24/1994,,25
1481,Massie Herbert Y,27/06/2022,,7,0,4,1478,10/26/1972,,25
1482,Barrett Christopher V,19/04/2022,,3,0,1,1477,11/28/1990,,27
1483,McCarthy Alan F,19/04/2022,,10,0,4,1453,1/20/1981,,25
1484,Leyland Tirzah E,27/05/2022,,8,1,3,1420,2/10/1973,,27
1485,Gibbs Bhavna K,25/12/2022,,9,1,3,1427,10/11/1984,,23
1486,Richards Elsie G,15/11/2022,,2,1,1,1479,10/14/1985,,25
1487,Sheldrick Diane I,3/5/2022,,8,1,2,1420,8/22/1980,,27
1488,Hyslop Adrian O,25/08/2023,,6,0,1,1465,4/8/1991,,29
1489,Rutherford Judy T,16/07/2023,,4,1,2,1441,9/20/1963,,27
1490,Fleet Richard W,19/06/2023,,3,0,1,1477,2/27/1972,,27
1491,Watt Anastasia M,27/06/2023,,10,1,2,1453,9/13/1976,,25
1492,Rawson Samantha Z,13/02/2023,,5,1,1,1476,6/5/1968,,26
1493,Wright Gary L,18/04/2023,,4,0,4,1489,11/6/1984,,28
1494,Ranson Darren S,5/7/2023,,3,0,4,1477,2/24/1973,,27
1495,Turner Douglas Z,18/05/2023,,10,0,4,1453,11/15/1963,,25
1496,Andrews Lynnette J,20/07/2023,,2,1,2,1479,11/23/1978,,25
1497,Leyland Julie Z,21/08/2023,,7,1,2,1478,8/18/1986,,25
1498,McCarthy Alison U,22/06/2023,,2,1,2,1479,11/8/1982,,25
1499,Shute John R,29/11/2023,,10,0,2,1495,7/12/1995,,26
1500,Sheldrick Laura R,18/06/2023,,7,1,5,1478,2/8/1989,,25
1501,Wynn Leigh X,7/6/2023,,6,0,5,1465,1/5/1977,,29
1502,Leyland Arthur N,13/10/2023,,10,0,4,1495,1/11/1969,,26
1503,Henry Graham N,30/01/2023,8/17/2023,7,0,4,1478,3/3/1990,,25
1504,Coombs Joanne X,24/12/2022,,4,1,5,1489,3/14/1987,,28
1505,Turner David L,15/09/2023,,5,0,5,1476,4/13/1988,,26
1506,Mead Gabriele N,3/8/2023,,1,1,5,1460,6/6/1983,,30
1507,Bennett Frances R,27/07/2023,,7,1,2,1478,10/10/1985,,25
1508,Marsden Lynnette D,11/7/2023,,8,1,5,1420,9/25/1979,,27
1509,Brant William W,9/9/2023,,2,0,3,1479,10/5/1996,,25
1510,Woolley Daniel C,1/4/2023,,3,0,5,1477,11/12/1984,,27
1511,Richardson Bruno X,28/04/2023,,10,0,1,1495,5/21/1985,,26
1512,Woodbridge Anna E,20/11/2022,,6,1,2,1465,8/22/1983,,29
1513,Rawson David W,11/9/2023,,5,0,2,1476,11/25/1992,,26
1514,King Joseph U,11/9/2023,,4,0,2,1489,1/29/1978,,28
1515,Lewis Julie Z,18/06/2023,,6,1,4,1465,10/25/1995,,29
1516,Mills Venetia G,9/4/2023,,8,1,4,1420,10/24/1984,,27
1517,Bennett Brenda D,12/6/2023,,8,1,5,1420,3/27/1980,,27
1518,Massie Douglas J,6/8/2023,,9,0,4,1485,7/29/1963,,24
1519,Seabrook Colette R,9/6/2023,,8,1,3,1517,2/26/1982,,28
1520,Pooley Simon A,12/2/2023,,9,0,5,1485,12/31/1988,,24
1521,Johnson Joanna L,19/04/2023,,5,1,3,1476,2/2/1968,,26
1522,Massie Steven P,19/07/2023,,3,0,1,1477,1/18/1997,,27
1523,Roberts Rajesh P,3/10/2023,,10,0,3,1495,3/20/1969,,26
1524,Goddard Robert R,13/06/2023,,9,0,1,1485,1/17/1990,,24
1525,Jarvis Patricia R,15/08/2023,,4,1,2,1489,6/22/1988,,28
1526,Hulme Antony E,22/05/2023,,3,0,2,1477,6/23/1984,,27
1527,Mills Steven O,30/04/2023,,5,0,3,1476,3/11/1993,,26
1528,Mongan Robert Q,19/08/2023,,1,0,1,1460,9/10/1986,,30
1529,Pryde Gary J,12/8/2023,,2,0,2,1479,7/26/1978,,25
1530,Scholes Bevis S,6/3/2023,,2,0,4,1479,10/21/1994,,25
1531,Sheldrick Harry E,17/04/2023,,2,0,4,1530,11/21/1987,,26
1532,Walmsley Chi D,17/03/2023,,3,0,1,1526,9/12/1986,,28
1533,Murray Roger E,22/09/2023,,1,0,2,1460,10/10/1983,,30
1534,Bland Catherine B,30/04/2023,,9,1,5,1485,5/15/1981,,24
1535,Bennett Maureen R,5/4/2023,,4,1,5,1489,4/8/1976,,28
1536,Sheldrick Andrew F,23/01/2024,,8,0,1,1517,10/27/1988,,28
1537,Gore Francis E,6/6/2023,,5,0,4,1476,5/23/1993,,26
1538,Jackson George C,13/05/2023,,7,0,2,1478,2/20/1987,,25
1539,Ewart Karen W,21/05/2023,,3,1,5,1526,8/24/1961,,28
1540,Hyslop Kathryn Z,2/6/2023,,9,1,3,1485,8/17/1991,,24
1541,Scholes Chi O,27/05/2023,,7,0,3,1538,6/22/1986,,26
1542,Coppin Anna L,24/03/2023,,10,1,1,1495,5/26/1987,,26
1543,Ranson Harry L,9/9/2023,,2,0,3,1530,1/7/1988,,26
1544,Scholes Grace E,26/11/2023,,1,1,1,1460,1/8/2000,,30
1545,Channing Sharmin L,29/07/2023,,10,1,2,1495,12/1/1993,,26
1546,Wright Kevin P,8/7/2023,,3,0,1,1526,6/21/1972,,28
1547,Parke Paul O,12/2/2024,,5,0,4,1537,5/30/1988,,27
1548,Jones Tirzah T,18/02/2023,,8,1,5,1517,9/20/1970,,28
1549,Deering Leonard J,5/8/2023,,5,0,1,1537,3/11/1983,,27
1550,Lamb Joseph H,5/10/2023,,4,0,5,1489,12/3/1982,,28
1551,Barrett Timothy Q,9/6/2023,,5,0,1,1537,7/2/1972,,27
1552,Parkes Paulin Z,4/4/2023,,10,0,2,1545,12/12/1983,,27
1553,Shute Clare F,21/04/2023,,8,1,4,1517,7/14/1996,,28
1554,Mead Daniel F,10/2/2023,,6,0,4,1465,1/17/1975,,29
1555,Norman Harry L,14/06/2023,,6,0,4,1554,7/8/2002,,30
1556,King Morag P,23/05/2023,,9,1,3,1485,12/1/1977,,24
1557,King Raymond L,15/06/2023,,9,0,4,1556,12/4/1987,,25
1558,Shearer Dimitrios Q,1/11/2023,,3,0,1,1526,5/21/1990,,28
1559,Shute Phyllis H,12/7/2023,,1,1,1,1460,10/1/1974,,30
1560,Scholes Ripduman K,22/04/2023,,1,1,4,1559,5/11/1971,,31
1561,Rawson Elisabeth K,7/3/2023,,6,1,3,1554,8/25/1982,,30
1562,Mongan Gabriele T,1/7/2023,,2,1,5,1530,11/15/1974,,26